transaction_id,subject_token,occurred_at,amount,currency,channel,product,transaction_type,installments,merchant_id,mcc,merchant_is_new_for_subject,device_fingerprint_token,device_is_new_for_subject,geo_country,geo_region,geo_precision,ip_hash,label_category,is_fraud
fde5c0f9-9aeb-800a-ab45-e1a750910706,subj_3dbbec79d0ad5524,2025-01-02T12:55:34Z,199.68,BRL,ecommerce,credit,purchase,1,mer_b70faea40d6d1ede,servicos,True,dev_bafeebd4f0b686a2,True,BR,BR-01,cell,ip_ae44cca54b057b95,legitima_confirmada,False
b7d433b7-8230-06bd-6817-3b803c773ae6,subj_c07d43015edcd12c,2025-01-02T18:59:45Z,87.66,BRL,pos,credit,purchase,1,mer_352448e7aacc0f27,varejo,True,dev_4779e588279ceaf0,True,BR,BR-25,gps,ip_c4784cedc6bbd330,legitima_confirmada,False
38d1848b-c04c-0f67-d53f-a2ebef7683b3,subj_3dbbec79d0ad5524,2025-01-02T19:23:43Z,53.86,BRL,ecommerce,credit,purchase,1,mer_8952c4f84cc8cd95,servicos,False,dev_19c2fe8580dc8619,False,BR,BR-01,ip,ip_7c4419702c8e0e5a,legitima_confirmada,False
30f0544a-af8d-2ada-1ec1-0a05521eeddf,subj_c07d43015edcd12c,2025-01-02T19:53:50Z,102.73,BRL,pos,credit,subscription,1,mer_89dbc97a9ad2708a,digital,True,dev_e1361c6297b0c163,False,BR,BR-25,gps,ip_dc3eb50a16cb2b4d,legitima_confirmada,False
64bf3edd-89f4-fb1f-1a27-0eb1eaed6884,subj_327ffdc578184c70,2025-01-03T02:07:28Z,47.71,BRL,wallet,private_label,bill_payment,3,mer_028bdafcb3c1e527,varejo,True,dev_0c069cd467b603be,True,BR,BR-14,cell,ip_9615dd0072141f8a,legitima_confirmada,False
884a60ea-b301-7860-9cd4-5cd60da27a34,subj_4dc0bbc5043c9eef,2025-01-03T04:12:25Z,1187.87,BRL,pos,credit,purchase,1,mer_ead7a4d9e5790dae,aposta,True,dev_808364441a5f4713,True,BR,BR-19,cell,ip_1d49d6ac6bf02f96,fraude_confirmada,True
be87046c-fbe9-098c-4add-52c5c243e65e,subj_f86bd4ed33b78508,2025-01-03T05:33:50Z,71.22,BRL,atm,credit,purchase,1,mer_c399b3f3399517f1,varejo,True,dev_e1baf53db2dfb2ec,True,BR,BR-11,cell,ip_7bf15c8727ad7e0b,legitima_confirmada,False
54e1f34c-a9a1-d535-239a-621ef5b50375,subj_a87838f7139eff0f,2025-01-03T05:51:40Z,36.9,BRL,pos,credit,purchase,6,mer_9d32507aae52d1ac,digital,True,dev_47ebc6cb14582009,True,BR,BR-18,ip,ip_5aa15277c941fcb2,legitima_confirmada,False
931b09fa-bb68-9b0c-8846-eca5eaa5d6c2,subj_c900630a8a2512fb,2025-01-03T06:19:54Z,310.58,BRL,atm,credit,purchase,3,mer_7e0cb983ab05014c,saque,True,dev_d8ed6bafe65a6725,True,BR,BR-10,cell,ip_056df6606fd6eb93,legitima_confirmada,False
8192568f-20db-63a1-b186-e391b114cf5f,subj_286c825de7b4233b,2025-01-03T16:47:06Z,86.59,BRL,recurring,credit,purchase,1,mer_e5ea9259702d3c03,servicos,True,dev_a5f92274419220d6,True,BR,BR-19,cell,ip_e970be188df4d3cf,legitima_confirmada,False
68a939cb-dd09-d3ca-aaed-29a3dfb99469,subj_c44728a9d1d349a5,2025-01-03T18:22:09Z,132.75,BRL,ecommerce,credit,purchase,1,mer_f625af38bf736da4,varejo,True,dev_e0dc05f6802035a0,True,BR,BR-19,cell,ip_0247c5a6126d4c18,legitima_confirmada,False
0fa1c9cf-87b7-997c-8f47-2d1db200df10,subj_c44728a9d1d349a5,2025-01-03T19:44:34Z,145.63,BRL,ecommerce,credit,bill_payment,3,mer_25c6c737bf0abc69,servicos,True,dev_d2da378ce5cbe63b,False,BR,BR-19,gps,ip_10a730117db0a660,legitima_confirmada,False
ec212950-47ee-08e0-d764-7d2f89965fb4,subj_327ffdc578184c70,2025-01-03T21:43:16Z,40.05,BRL,wallet,private_label,purchase,1,mer_f8fc7a1c50431153,viagem,True,dev_7521056d0ec43747,False,AR,INTL,gps,ip_0e9b54e044be326f,legitima_confirmada,False
818356fb-5c26-59b4-7a22-cba47a71233f,subj_0ba2fa542b8358c8,2025-01-04T02:58:08Z,86.56,BRL,ecommerce,private_label,purchase,6,mer_edffb7b94fe7ef86,varejo,True,dev_fea83a6222b05235,True,BR,BR-23,gps,ip_58912bbd8e3fffa2,legitima_confirmada,False
49d703e4-3d71-8af4-af7f-692857fe6b72,subj_0ba2fa542b8358c8,2025-01-04T04:20:37Z,197.31,BRL,ecommerce,private_label,purchase,1,mer_e211deb581aa3e60,viagem,True,dev_864148271f5a36c7,False,BR,BR-23,none,ip_ecd034b49f83aa49,sem_desfecho,False
b8f5df31-bda8-a919-5fa8-b0b38edda272,subj_f7b827d9bec2ee8e,2025-01-04T04:26:11Z,32.88,BRL,pos,credit,purchase,2,mer_c739ff3a3d1684f7,digital,True,dev_2ffd555b818f8e5b,True,BR,BR-26,ip,ip_86259bd0de0da02c,legitima_confirmada,False
faf57eca-f35c-a07e-73cd-37947f28e5c4,subj_3ecc9e765935776d,2025-01-04T06:41:43Z,466.53,BRL,pos,credit,purchase,1,mer_def2fae02e49762b,varejo,True,dev_2f7ebca019e5766c,True,BR,BR-09,ip,ip_e4472d31c784f71c,legitima_confirmada,False
1b36f1b8-df0f-8cbd-30f5-13fcda1f109e,subj_e6091042147599ff,2025-01-04T09:26:07Z,33.38,BRL,atm,credit,bill_payment,2,mer_f0eefb35e4075294,digital,True,dev_4a17beeae2159cea,True,BR,BR-24,ip,ip_62caf54c0d0d48b8,legitima_confirmada,False
11f98274-0f8c-f889-5f94-89452cb5bc94,subj_327ffdc578184c70,2025-01-04T12:11:53Z,82.9,BRL,wallet,private_label,purchase,10,mer_dd21c7278d973493,digital,False,dev_7521056d0ec43747,False,BR,BR-25,ip,ip_80ab1b01fef1044a,legitima_confirmada,False
cd216a37-b8a8-9984-d25e-73999a670c46,subj_08748f542278de3b,2025-01-04T18:28:48Z,269.47,BRL,wallet,credit,purchase,10,mer_ecf136f4ebc4c4b0,digital,True,dev_0506d663a2ae07df,True,BR,BR-00,ip,ip_540dd03dfa37f4cb,legitima_confirmada,False
95a327ea-26c3-65a5-377b-4647c72d1f9b,subj_5d0c570a60121e76,2025-01-04T22:20:00Z,122.56,BRL,pos,credit,withdrawal,3,mer_c52fd594dae35700,aposta,True,dev_c4dd284a50ab9923,True,BR,BR-18,cell,ip_f0f20b6a303cd5bd,legitima_confirmada,False
c382a487-7631-6b7f-fef7-ad90071cbdec,subj_1a845200e30a83d9,2025-01-05T00:44:41Z,68.23,BRL,ecommerce,credit,purchase,1,mer_53a09fad71d732b6,varejo,True,dev_e1870f8953405db2,True,BR,BR-00,ip,ip_8f2d9d07c14caf34,sem_desfecho,False
7196728d-bd1d-8bf1-dfc9-7a960d206284,subj_c900630a8a2512fb,2025-01-05T05:21:16Z,451.61,BRL,recurring,credit,subscription,1,mer_ca4169487ac6d760,varejo,False,dev_2a69bc977b86b158,False,BR,BR-10,gps,ip_985f7a91602a1cba,legitima_confirmada,False
5d2bb899-1a90-698e-adc3-ddd715957291,subj_b654b48c2091322f,2025-01-05T06:37:05Z,62.56,BRL,recurring,private_label,purchase,12,mer_80a788bf677db11c,viagem,True,dev_0eaba3676a90c5de,True,BR,BR-24,none,ip_04a07d7fcc4cd41f,em_disputa,True
ab4e8606-f615-6526-891c-a893892f5eba,subj_327ffdc578184c70,2025-01-05T07:21:42Z,76.49,BRL,wallet,private_label,subscription,1,mer_4267d3fb7da3408a,servicos,False,dev_7521056d0ec43747,False,BR,BR-25,cell,ip_a21faa7b05992015,legitima_confirmada,False
43243891-655f-85b3-ca52-7426a3027aa0,subj_4ad7a6d03980c00d,2025-01-05T09:39:16Z,92.86,BRL,ecommerce,private_label,purchase,1,mer_948f2612d007e683,viagem,True,dev_fdda1cf09eef1ccd,True,BR,BR-10,ip,ip_6f7de25d8954bae1,legitima_confirmada,False
259ed6f3-d21d-cc50-a5d5-2154e48fde34,subj_9aa85198c90b5fe0,2025-01-05T10:19:30Z,243.26,BRL,ecommerce,credit,purchase,1,mer_f39129146f73d820,digital,True,dev_b51840f77ae1c968,True,BR,BR-00,cell,ip_72c05d481ab96251,legitima_confirmada,False
67001a6c-ef3d-f644-6de9-580850f47dc9,subj_26f5dc7700d9ae96,2025-01-05T10:23:36Z,82.9,BRL,atm,credit,purchase,1,mer_b87823a2f11db64d,servicos,True,dev_279d7faefe350f12,True,BR,BR-25,cell,ip_834fc8675f3d244b,legitima_confirmada,False
ba65286e-2918-bc9a-90a8-f9b3260f1fd1,subj_57f3468074108fb2,2025-01-05T10:38:36Z,29.69,BRL,ecommerce,private_label,purchase,1,mer_bc64405cf65b7f53,viagem,True,dev_6ea81cb5997dd21e,True,BR,BR-06,gps,ip_4c316449a2a51de9,legitima_confirmada,False
e8147d46-cd40-d237-9a41-bcec35556e2b,subj_84034c25919e9861,2025-01-05T11:49:51Z,113.05,BRL,recurring,credit,purchase,3,mer_3761320a9c7eb7cf,varejo,True,dev_9c4dfda12a5ddc9c,True,BR,BR-17,ip,ip_dd0c6136775d1cda,legitima_confirmada,False
92f46f7c-7a1a-667a-ccb5-5d1b5bf62f58,subj_3207e65a20e7dd88,2025-01-05T12:52:25Z,84.2,BRL,ecommerce,credit,bill_payment,3,mer_74a3449dc4ecc63c,varejo,True,dev_8e69560de8275bf5,True,BR,BR-07,cell,ip_ee56b19bbd2815a1,legitima_confirmada,False
6e3eab8a-35ad-d73e-fb57-eb028973a614,subj_d5776426305a7ba6,2025-01-05T13:12:34Z,28.15,BRL,atm,credit,purchase,1,mer_4b6856a8963e2706,servicos,True,dev_196fd40e55d7988b,True,BR,BR-23,cell,ip_49ed80ad7497a296,legitima_confirmada,False
6eaef860-d947-60a1-dcf5-e9604a328b5d,subj_2d0744cf11336024,2025-01-05T15:20:01Z,459.1,BRL,recurring,private_label,subscription,1,mer_7b5a90c22b9abf12,aposta,True,dev_6cf682375b0d26ae,True,BR,BR-18,cell,ip_cc83dc70c52a88a2,fraude_suspeita,True
e53aa397-fc1a-b562-8082-d667462ccea0,subj_84034c25919e9861,2025-01-05T15:55:59Z,74.67,BRL,recurring,credit,purchase,3,mer_2183d8b75a54c762,saque,False,dev_06bace6974c08955,False,BR,BR-17,cell,ip_70e23bdefed3bbff,sem_desfecho,False
90861538-28b1-5ae1-a2e4-554902e3c184,subj_ef5cb6c833e5d550,2025-01-05T19:42:05Z,221.61,BRL,recurring,private_label,bill_payment,1,mer_991d288b923ede4c,aposta,True,dev_086f5cd1bfb16a35,True,BR,BR-26,gps,ip_d5142477aec9c920,sem_desfecho,False
6baebbd2-a207-a1b8-b46f-ca8328675606,subj_4258efe4c6a3a12e,2025-01-05T20:23:27Z,41.96,BRL,atm,credit,purchase,1,mer_a80e98f159982862,varejo,True,dev_eb1795fa69d5c601,True,BR,BR-24,cell,ip_fd0c035baae728d4,legitima_confirmada,False
075d4513-aff9-ea83-83b5-8161aba79d8a,subj_26f5dc7700d9ae96,2025-01-06T05:49:00Z,249.17,BRL,wallet,credit,subscription,1,mer_c965d59cfea0ceb2,varejo,False,dev_69bc9d56d63649c2,False,BR,BR-25,gps,ip_e37db75a1fe3ca0a,legitima_confirmada,False
7a3fa1e2-0877-9b49-17f8-d3d1d2cd321e,subj_800823570859adc9,2025-01-06T08:18:03Z,253.89,BRL,pos,credit,withdrawal,1,mer_a0b27414da72106e,viagem,True,dev_5a3e04af08333877,True,BR,BR-18,ip,ip_0a8c94d687ba6c81,fraude_confirmada,True
f0ed6d22-34e0-6763-f4e3-2483bc96197c,subj_aab841ae2dfe1a0f,2025-01-06T09:12:31Z,33.13,BRL,pos,credit,purchase,2,mer_d23f824b7e3d725d,saque,True,dev_435557db0975ac1b,True,BR,BR-07,gps,ip_9bb623c5a67ad60f,legitima_confirmada,False
15b21496-c962-58e6-085c-b3df49a59237,subj_61522bbbd86f56f9,2025-01-06T09:39:16Z,129.87,BRL,ecommerce,private_label,withdrawal,1,mer_1565174053d11b29,digital,True,dev_1b4ec7c39b55bd40,True,BR,BR-00,gps,ip_ed57d3490a4f4c9a,fraude_confirmada,True
e5d3503d-bf5a-714d-c90f-88dddd4586a4,subj_49e5b9dacf3309db,2025-01-06T10:04:58Z,57.38,BRL,recurring,private_label,purchase,1,mer_b4e81962450f3b43,servicos,True,dev_6627fee93a67e8c8,True,BR,BR-07,cell,ip_3f1cb793c540fcef,legitima_confirmada,False
e20eba0f-36df-9d25-66a3-78a40b8aa93a,subj_c07d43015edcd12c,2025-01-06T10:58:24Z,138.91,BRL,pos,credit,purchase,3,mer_53b2717a4583d834,varejo,True,dev_e1361c6297b0c163,False,BR,BR-25,cell,ip_f4dc55c2103e9ce9,legitima_confirmada,False
67771722-1fc1-42d3-f6be-c737bfd92443,subj_83d9942312fe5eb6,2025-01-06T11:04:45Z,183.33,BRL,ecommerce,credit,purchase,1,mer_02f776213a3d1ae9,saque,True,dev_a1838e4fd2de53b5,True,BR,BR-03,cell,ip_6e21970cc1874f8e,legitima_confirmada,False
939bf406-6beb-e3c9-1797-a17bbd56e2a6,subj_9a0db9bd734a9eb4,2025-01-06T11:17:04Z,170.98,BRL,ecommerce,private_label,purchase,6,mer_79c750c65ac5de37,digital,True,dev_d6d5052105e1a80c,True,BR,BR-24,gps,ip_7fab2fd8f95288ed,legitima_confirmada,False
b1d94f83-c6a1-f96a-6f33-11b044183755,subj_81d0d3a75958cb7c,2025-01-06T13:54:07Z,87.84,BRL,recurring,credit,bill_payment,1,mer_43f1e8f453335cb2,varejo,True,dev_65db41c0dc612bc3,True,BR,BR-09,ip,ip_88bfe54518a65cf4,legitima_confirmada,False
b7a318d9-d712-5528-f5cc-ca485a15382b,subj_785fcd5c73ec8693,2025-01-06T14:12:40Z,109.56,BRL,atm,private_label,bill_payment,3,mer_3c27f30b2aa20e51,varejo,True,dev_f8efd7fc0e4d4b3d,True,BR,BR-20,gps,ip_79ac5116c2cc3c96,legitima_confirmada,False
8a5ecdb1-1757-d139-f6bf-7003a7b8c098,subj_5d0c570a60121e76,2025-01-06T15:09:21Z,219.25,BRL,recurring,credit,purchase,3,mer_80112e17ece691f2,digital,False,dev_57710706c8456a68,False,BR,BR-18,ip,ip_77d8300013f035b4,legitima_confirmada,False
d9a5dbf7-1b28-b883-ea3b-5948e567474e,subj_555ab5d6c0af9e30,2025-01-06T15:59:28Z,143.49,BRL,pos,credit,purchase,10,mer_83f9dc3dfc1292f0,varejo,True,dev_874b8577caea6e6f,True,BR,BR-16,cell,ip_e445d5b6f1f3d5f7,legitima_confirmada,False
d8c3a1fd-2a45-0cba-95fe-d1ffcc1ff374,subj_785fcd5c73ec8693,2025-01-06T18:20:23Z,28.93,BRL,ecommerce,private_label,purchase,6,mer_f0cd2e861445f381,saque,False,dev_8181db9ec0001f49,False,BR,BR-20,gps,ip_ab5f7b7d5decaa29,legitima_confirmada,False
07e9d52c-d1e4-953c-5705-a2194854f555,subj_096b82dd2f8031c9,2025-01-06T19:41:16Z,87.13,BRL,atm,credit,bill_payment,6,mer_debbf342a627c36b,servicos,True,dev_e2412e69b3244029,True,BR,BR-13,cell,ip_84637f4d5585f980,legitima_confirmada,False
4a0a8926-92f2-7094-9205-b0d02c630095,subj_5a06a4b6254d1cb6,2025-01-06T21:26:52Z,169.54,BRL,ecommerce,credit,purchase,1,mer_bb1adb5e6ea82238,varejo,True,dev_50ff97ce594888fc,True,BR,BR-07,ip,ip_af6bf35a232b1d9a,legitima_confirmada,False
8e5e357b-76b3-1545-35db-cbd91c940333,subj_dd82a0f404e3a43e,2025-01-06T21:40:55Z,152.25,BRL,pos,private_label,bill_payment,6,mer_f57a4792683ff261,viagem,True,dev_35dbf2181da50f24,True,BR,BR-01,cell,ip_b49b959f4fdf6ab2,legitima_confirmada,False
b9fda5fd-4a14-9aec-e151-28465cebb65f,subj_666bf05e988c21c0,2025-01-06T23:51:00Z,289.8,BRL,ecommerce,credit,purchase,2,mer_c2dbca076390dbf9,digital,True,dev_5f336244791004d6,True,BR,BR-23,none,ip_7e505f268dbb066b,legitima_confirmada,False
408d284a-6493-a00a-2d7d-ebea308d99ff,subj_3ecc9e765935776d,2025-01-07T00:33:24Z,170.3,BRL,pos,credit,purchase,1,mer_4eb7aec3ec0551e8,digital,False,dev_9a26a3d96358aab0,False,BR,BR-09,none,ip_8aeae07ceb193804,legitima_confirmada,False
8f2a1126-2a9f-05c6-d9fd-13ae8216b385,subj_1a845200e30a83d9,2025-01-07T05:21:38Z,174.28,BRL,ecommerce,credit,purchase,6,mer_d996ec3dd5c994d0,servicos,True,dev_a58b0835b47155d3,False,BR,BR-00,cell,ip_91b34e693429bbc0,legitima_confirmada,False
b504ff03-0d3c-8b0d-09ba-925c6bb0f8fd,subj_26f5dc7700d9ae96,2025-01-07T06:30:48Z,251.48,BRL,ecommerce,credit,bill_payment,2,mer_c79d6fcab1182b7c,servicos,False,dev_69bc9d56d63649c2,False,BR,BR-25,gps,ip_2008c7ac4e1e2d4f,legitima_confirmada,False
b0b1fa64-eb42-4e69-8cb9-8b194ab4bd1d,subj_39b3f770484a3f8d,2025-01-07T06:56:49Z,92.65,BRL,pos,credit,purchase,3,mer_4a11852b5897ff5b,viagem,True,dev_fdb4096021bb4e43,True,BR,BR-21,gps,ip_7e378a82bf8c02c1,legitima_confirmada,False
041f3d22-e662-3924-f98d-1d9c9f867f3f,subj_81036de0af432965,2025-01-07T07:46:18Z,22.84,BRL,pos,credit,purchase,3,mer_f5ecc336b8cfe69c,varejo,True,dev_9e7fed139c56a382,True,BR,BR-24,cell,ip_d0a007b533d8f858,legitima_confirmada,False
ee95a31b-cba6-32e2-c177-5954d7edf5a6,subj_555ab5d6c0af9e30,2025-01-07T09:09:04Z,50.06,BRL,pos,credit,purchase,1,mer_325df30d76db9558,viagem,False,dev_655f61e3248782bc,False,BR,BR-16,gps,ip_7d9fa700a1b908b5,legitima_confirmada,False
f2e4925a-db21-1d0e-3050-ff63c864fe4c,subj_7874d66abfe48ee6,2025-01-07T09:13:15Z,129.76,BRL,recurring,private_label,bill_payment,3,mer_d1345bd3c538d7d0,digital,True,dev_4a205b80406a689a,True,BR,BR-00,none,ip_3fe2503935674d85,legitima_confirmada,False
cd831035-169d-ba80-84ae-ec3a0ff2441d,subj_b416fa89632b3464,2025-01-07T11:10:12Z,375.82,BRL,pos,private_label,purchase,6,mer_f36751463000ad4f,varejo,True,dev_9437bcb1558b3278,True,BR,BR-25,cell,ip_6f6ee11c18384b71,legitima_confirmada,False
0632864d-dc3b-5559-786a-0a04bba237e9,subj_7acec39e4a34dcca,2025-01-07T13:37:36Z,101.18,BRL,pos,credit,purchase,1,mer_d9009a073c3edd0d,varejo,True,dev_9840219eab8f07cb,True,BR,BR-06,gps,ip_23d87540817687d3,legitima_confirmada,False
bc6581fb-c890-7eb2-56d8-a1f0f4493636,subj_f713675faaa1b0c7,2025-01-07T17:19:28Z,241.37,BRL,pos,credit,purchase,2,mer_0b525bc331038b52,saque,True,dev_03679c5a40482bc0,True,BR,BR-25,cell,ip_d46fbe6ee36757ca,legitima_confirmada,False
f91d76fe-be85-4a35-e960-1261f46bf7b9,subj_a87838f7139eff0f,2025-01-07T19:01:23Z,78.82,BRL,pos,credit,purchase,2,mer_87f79f5621b193a1,varejo,False,dev_f22dc6edaf3455c5,True,BR,BR-18,cell,ip_e36eb4b4db254f5a,legitima_confirmada,False
3a24ac7f-7ee9-b253-ee50-54047e36f70b,subj_0595552d6476c750,2025-01-07T21:59:54Z,222.18,BRL,pos,credit,purchase,1,mer_1d606ea0c5b605a2,varejo,True,dev_30557667ba340837,True,BR,BR-16,cell,ip_998d18efafe9ad79,legitima_confirmada,False
2527c887-da55-fe05-8f7c-5bc583fd459d,subj_5a06a4b6254d1cb6,2025-01-07T22:58:15Z,90.11,BRL,atm,credit,purchase,1,mer_1df5353590a7184d,varejo,False,dev_0809b861f127008a,False,BR,BR-07,gps,ip_8ded2a06dc13811a,legitima_confirmada,False
79e56d3a-55a8-aacd-4f8f-42006b653a32,subj_9919a7f0f672808d,2025-01-08T01:59:31Z,123.43,BRL,pos,credit,purchase,1,mer_1611f87d9767fbda,viagem,True,dev_3d37e1a490522a0e,True,BR,BR-07,cell,ip_c30871faba05f835,fraude_confirmada,True
08f67cf0-a954-2fd5-3ad4-696087d35b98,subj_a3573a220334778a,2025-01-08T02:55:36Z,208.92,BRL,pos,private_label,purchase,18,mer_fed8c3ecd752047e,viagem,True,dev_6a9d0e352109f64d,True,BR,BR-19,cell,ip_9674e8497f42bdc1,fraude_confirmada,True
831a8e70-4dc8-e721-c80f-397fe87bdaa5,subj_9c2b10d95ee19342,2025-01-08T05:37:29Z,361.64,BRL,pos,credit,purchase,3,mer_f5b4dc645d56a25f,digital,True,dev_3cc2fbe4db84bf9a,True,BR,BR-04,ip,ip_5035574c64cf081f,legitima_confirmada,False
9770d68f-28df-d1cd-8300-ece1ea0753fa,subj_096b82dd2f8031c9,2025-01-08T06:00:02Z,68.02,BRL,pos,credit,subscription,1,mer_1f00445fff0d3425,digital,False,dev_387a9f2d85e1a8ac,False,BR,BR-13,gps,ip_0047f27d41354947,legitima_confirmada,False
7f8b43cb-d60f-5e0c-ea01-5bf055f41f63,subj_bc0064403056df56,2025-01-08T06:42:33Z,74.42,BRL,pos,credit,purchase,10,mer_5480eb6c655245e9,saque,True,dev_1b1e03af50a018d9,True,BR,BR-25,ip,ip_9c68ada9eef872b9,legitima_confirmada,False
ca37023d-c649-7834-c6c6-b42731078bd6,subj_011b9546d25fe9df,2025-01-08T08:40:29Z,159.51,BRL,ecommerce,credit,purchase,2,mer_2b118bb367987028,varejo,True,dev_b729e09d18899077,True,BR,BR-15,gps,ip_cdd5f82721f1a073,legitima_confirmada,False
91c7f17f-61cc-d9bd-8dc9-c1430b3ec43f,subj_3ecc9e765935776d,2025-01-08T08:51:44Z,224.63,BRL,pos,credit,withdrawal,6,mer_33856d837206f525,viagem,False,dev_9a26a3d96358aab0,False,BR,BR-09,gps,ip_16646ae697747e3a,sem_desfecho,False
e5d45a8c-95f2-c5e6-fcac-4421cfd34ef3,subj_c07d43015edcd12c,2025-01-08T10:16:02Z,70.39,BRL,pos,credit,purchase,6,mer_055f969ae3ed7442,digital,True,dev_e1361c6297b0c163,False,BR,BR-25,gps,ip_0989e8a277e390bc,legitima_confirmada,False
56b41b1d-125f-45ab-2706-c087b1a0a823,subj_4dc0bbc5043c9eef,2025-01-08T10:37:04Z,301.69,BRL,atm,credit,purchase,10,mer_3d396c3006b28d05,viagem,False,dev_2585cd69246957db,False,BR,BR-19,gps,ip_ba2e70925c70a32a,legitima_confirmada,False
25674db0-428a-eb54-78ea-657fb45b1e2b,subj_7874d66abfe48ee6,2025-01-08T11:16:10Z,93.35,BRL,recurring,private_label,bill_payment,3,mer_5bf57a04bf944f03,saque,False,dev_4a203e1157789b2d,False,BR,BR-04,gps,ip_a5503728f67c1a13,legitima_confirmada,False
99e736ba-f809-6749-a802-d051553e3bf1,subj_3fef7009c809015c,2025-01-08T11:36:25Z,750.2,BRL,ecommerce,credit,purchase,1,mer_02af0a57afd8402e,viagem,True,dev_23465251451507d3,True,BR,BR-16,gps,ip_a592a022f6db1b2e,legitima_confirmada,False
44829620-a3b9-980e-8202-da5dab42ad7d,subj_acb7e6181646e5b4,2025-01-08T11:47:49Z,454.02,BRL,pos,private_label,purchase,1,mer_653c3ecf2ffbef81,varejo,True,dev_78deb0e1639d84cf,True,BR,BR-24,cell,ip_2a0a5a1dd2eb2e50,legitima_confirmada,False
e9408a63-861f-f27f-85a2-f2ea4f4a971c,subj_2084a30a32547d49,2025-01-08T12:30:55Z,80.24,BRL,wallet,credit,bill_payment,1,mer_69ca9944009d2217,servicos,True,dev_c89da262954200c0,True,BR,BR-15,cell,ip_e650c0e00c977761,sem_desfecho,False
4456caee-5fe5-6ea4-15c3-163e0918cb9a,subj_9324819220c51187,2025-01-08T13:55:50Z,1595.74,BRL,ecommerce,private_label,purchase,1,mer_12079cbd4f184cca,saque,True,dev_7bb1fd783d1fec85,True,BR,BR-19,cell,ip_17d4e9b0a58a7990,fraude_confirmada,True
d128f1d9-ac81-1b14-5bba-c8dad275a696,subj_2edf8d9ffc60203e,2025-01-08T14:53:10Z,174.35,BRL,pos,credit,purchase,1,mer_59f6379a50ae3d27,servicos,True,dev_3824ef7e22e4e00e,True,BR,BR-16,gps,ip_251c712d10e20610,legitima_confirmada,False
40eadea8-c654-4408-5193-1c73fffef675,subj_26f5dc7700d9ae96,2025-01-08T14:55:02Z,125.82,BRL,ecommerce,credit,purchase,1,mer_60b7f000d34b9456,digital,False,dev_69bc9d56d63649c2,False,BR,BR-25,cell,ip_ae28b1b57fe2756c,legitima_confirmada,False
0dd490f4-6b7a-4dac-f55a-a169167eb4bf,subj_096b82dd2f8031c9,2025-01-08T17:06:15Z,83.12,BRL,pos,credit,subscription,3,mer_fa531b216445a86e,saque,True,dev_387a9f2d85e1a8ac,False,BR,BR-13,gps,ip_a84c997615ec7516,legitima_confirmada,False
d8b4f24b-87c1-50a3-8900-809ed7210be7,subj_88cb54c4b09ad47c,2025-01-08T17:48:56Z,91.19,BRL,pos,credit,purchase,3,mer_f0d729dce26114d1,digital,True,dev_aeb4c9b33cb32fee,True,BR,BR-11,gps,ip_0fb291ca4608e64e,legitima_confirmada,False
b55abb1f-091f-1d46-8aa1-4ba47db0bb9c,subj_04a3083d7d4ae1c2,2025-01-08T18:00:03Z,401.97,BRL,wallet,credit,withdrawal,1,mer_75fc2deda32fe6a4,varejo,True,dev_b68b57d916a8c9f8,True,BR,BR-15,cell,ip_5433d3e4efa8e53c,fraude_confirmada,True
79047212-85d0-7df4-ae0b-60145c635abf,subj_4afde3be46c7d1ec,2025-01-08T19:52:44Z,135.08,BRL,ecommerce,private_label,bill_payment,2,mer_571bf40bd922a9fc,digital,True,dev_b998243dc21c9a78,True,BR,BR-09,gps,ip_4349bab440e88bc0,legitima_confirmada,False
efbc7d64-07b3-98d0-de71-636ca63b46af,subj_ba2790f041b7a40d,2025-01-08T20:41:01Z,32.25,BRL,pos,private_label,purchase,10,mer_603d93187e27c5a8,servicos,True,dev_01c5d3631ee0dc8e,True,BR,BR-23,gps,ip_88a9a6efee3e0693,legitima_confirmada,False
5a890222-0c93-731b-1dc8-574952e6d30d,subj_de6bc2a416bf1acf,2025-01-08T21:01:49Z,44.03,BRL,pos,private_label,purchase,2,mer_568c2b0108915d90,varejo,True,dev_1a0a06a999070100,True,PT,INTL,cell,ip_923db798363f655e,legitima_confirmada,False
d3254e23-f05e-076f-a97a-ac7429045190,subj_eca82a98610c30b1,2025-01-08T21:36:04Z,78.34,BRL,atm,private_label,purchase,2,mer_f591836bf74c206a,saque,True,dev_bbdc33b1c31745a9,True,BR,BR-09,gps,ip_71ef72f5658db54b,sem_desfecho,False
24392afd-0e41-138b-a32f-cc8f0fb204f0,subj_4afde3be46c7d1ec,2025-01-08T22:50:04Z,84.72,BRL,wallet,private_label,purchase,1,mer_04cf5c01ee425e9e,viagem,True,dev_1c53a55abec8ae0e,False,BR,BR-09,cell,ip_9499375d7b9cba10,legitima_confirmada,False
f8b1a221-301a-c483-6e0d-b3844653f1ab,subj_1b33c3af209b0082,2025-01-09T01:59:03Z,55.95,BRL,pos,credit,purchase,3,mer_7e06af5a862d4e24,varejo,True,dev_d1987638a3a7d589,True,BR,BR-04,none,ip_dfa5ca549b272e50,legitima_confirmada,False
7f728929-a84a-7817-451b-e9ae39d557c7,subj_04a3083d7d4ae1c2,2025-01-09T04:58:44Z,84.21,BRL,wallet,credit,purchase,6,mer_b2867503e13e5a61,servicos,True,dev_4afd2d822434a533,False,BR,BR-11,ip,ip_c621ffd8cc362c74,legitima_confirmada,False
6d68f51d-15a2-0772-562e-c10b8f1187da,subj_39b3f770484a3f8d,2025-01-09T05:03:16Z,79.95,BRL,pos,credit,purchase,1,mer_9d24ef374aa5636b,varejo,False,dev_1128d08600b201a7,False,BR,BR-21,gps,ip_1963a7d51fd035b5,sem_desfecho,False
d23b044d-2d24-babb-d758-86f50df0215c,subj_3dbbec79d0ad5524,2025-01-09T05:17:40Z,138.39,BRL,ecommerce,credit,withdrawal,3,mer_261dc801c4d159b1,digital,True,dev_43370aec3af3ff03,True,BR,BR-01,gps,ip_21dd121c24ffc677,legitima_confirmada,False
d48ea70e-5a4d-6e39-cc85-57d597ce1853,subj_6a2a667a7b89efef,2025-01-09T05:54:49Z,263.95,BRL,ecommerce,credit,bill_payment,6,mer_a4d4657970b84c6b,varejo,True,dev_330c02d1fd7f1ccf,True,BR,BR-24,gps,ip_e954ee34d294eb01,legitima_confirmada,False
9cef5b7e-9885-ba9b-26db-374965ad6534,subj_2f1b9e02e438ea23,2025-01-09T06:36:57Z,140.74,BRL,pos,credit,purchase,1,mer_69b90df3bdccae1a,digital,True,dev_71510464cd078af3,True,BR,BR-01,cell,ip_d3adc42c9faefcbb,legitima_confirmada,False
b458c70a-762b-f6f6-22f3-b8a8bbf63752,subj_49dded3b60fce967,2025-01-09T08:59:08Z,44.58,BRL,pos,credit,subscription,6,mer_7740091e24696e4b,servicos,True,dev_c2c5e0335d40925c,True,BR,BR-05,cell,ip_af68f3d7dbb392e3,legitima_confirmada,False
acbdb6d8-f5f9-cabb-c06c-a9edb4740910,subj_8fcdf37a130dcbe5,2025-01-09T09:00:49Z,124.85,BRL,pos,private_label,purchase,1,mer_43b6628d89abfb28,varejo,True,dev_fde4bb1688bb4052,True,BR,BR-01,cell,ip_88f74b65d304457a,legitima_confirmada,False
cd8b6d88-64a6-3a33-4261-2fa00914d5d5,subj_dacfaaf29c584af0,2025-01-09T09:50:13Z,91.62,BRL,wallet,private_label,purchase,1,mer_febfead4375a7e09,varejo,True,dev_290376ad963876ce,True,BR,BR-12,gps,ip_627f8c8f1b55a286,legitima_confirmada,False
f1e6eb0b-d40f-f491-6185-70f95de53b5d,subj_393235d3b59e5041,2025-01-09T09:59:06Z,138.02,BRL,ecommerce,credit,purchase,1,mer_a461b472cb41a9ec,varejo,True,dev_269c583da020f001,True,BR,BR-01,gps,ip_45e93f5638a2a511,legitima_confirmada,False
2e9171fc-0517-dadf-9168-64c59f674a9c,subj_7469bf3ec050b193,2025-01-09T11:20:17Z,78.98,BRL,pos,private_label,purchase,2,mer_31c6f13360221618,digital,True,dev_c9b659596dfd635b,True,BR,BR-25,gps,ip_90e8a995b778b2a4,legitima_confirmada,False
3762059f-5766-765e-6373-0f76fb2ca88c,subj_c07d43015edcd12c,2025-01-09T11:47:15Z,77.24,BRL,pos,credit,withdrawal,3,mer_600b0c4da1b68e84,digital,False,dev_e1361c6297b0c163,False,BR,BR-25,gps,ip_cf35a0d1a61ee882,legitima_confirmada,False
e6a23afa-2a3e-1b05-463b-943f620acd13,subj_49dded3b60fce967,2025-01-09T13:42:25Z,53.57,BRL,pos,credit,bill_payment,1,mer_6fd21d734578b628,viagem,False,dev_800b532e2da93628,False,BR,BR-05,cell,ip_a92cc17b35481cda,legitima_confirmada,False
0c4478b2-7015-8503-c0e4-087a867dfd00,subj_de6bc2a416bf1acf,2025-01-09T14:40:51Z,68.92,BRL,pos,private_label,subscription,1,mer_fc340803d613d92e,digital,False,dev_7afdc9c38434b683,False,BR,BR-08,gps,ip_e5bd54b6c7f54a54,legitima_confirmada,False
f5d743d7-7a59-8614-3232-8253c7a8dcd5,subj_4dc0bbc5043c9eef,2025-01-09T15:31:41Z,135.51,BRL,pos,credit,bill_payment,1,mer_027f7ee43688a6d0,servicos,False,dev_2585cd69246957db,False,BR,BR-19,gps,ip_2c4506d13ee56ad8,legitima_confirmada,False
b0b83be4-338a-d120-54d3-45b87b1cd6f4,subj_31566639f62dbd42,2025-01-09T16:14:46Z,52.34,BRL,ecommerce,private_label,subscription,10,mer_1dc47f9667a79a79,varejo,True,dev_ad84619fd6310e66,True,BR,BR-17,gps,ip_d60c0e180e76a82f,legitima_confirmada,False
ed38ffc2-aa84-cc7d-f899-8649fd3229ff,subj_2084a30a32547d49,2025-01-09T16:37:46Z,67.0,BRL,atm,credit,purchase,3,mer_d0541b4ba2198f92,servicos,False,dev_c6dab39447342f08,False,BR,BR-15,ip,ip_1e1f35c5e6baac5a,legitima_confirmada,False
d69b1338-d13b-c60d-562d-97bd6eda5bc7,subj_3030cc94a64844bc,2025-01-09T17:41:19Z,167.55,BRL,ecommerce,credit,withdrawal,12,mer_4ea21b84c7aaa01c,servicos,True,dev_0f00189494f4b8c5,True,BR,BR-23,ip,ip_4fc64c4bd26db631,fraude_confirmada,True
38ffca65-eb32-b584-6553-50c18c230321,subj_49e5b9dacf3309db,2025-01-09T18:05:54Z,46.71,BRL,recurring,private_label,subscription,3,mer_ff3373f00d28a92f,saque,False,dev_883d3b19d48cf901,False,BR,BR-07,cell,ip_7d998bffeb9f7e56,legitima_confirmada,False
76d6e11b-6c85-788c-19b6-1fd5fdb01cdf,subj_6a2a667a7b89efef,2025-01-09T18:19:09Z,356.41,BRL,atm,credit,bill_payment,1,mer_41a393f89cd7c327,viagem,False,dev_ab87be91d7f3aeb9,False,BR,BR-24,gps,ip_bc2346afc37955d7,legitima_confirmada,False
4354cc15-4bd2-eddf-823a-96af85965f06,subj_1931d091094398bb,2025-01-09T19:16:34Z,32.41,BRL,wallet,credit,purchase,1,mer_6a0f95bf810e28ec,saque,True,dev_72de45ae2f26ced3,True,BR,BR-04,cell,ip_0cbf586a097e5a7e,legitima_confirmada,False
f4144b9a-ac5c-4446-8c0b-2b5f77d6fdd3,subj_800823570859adc9,2025-01-09T21:13:02Z,87.11,BRL,pos,credit,purchase,1,mer_942f4c7d892fe0c9,varejo,False,dev_82114d09e668cc9c,False,BR,BR-18,cell,ip_5f3566f1f69744be,sem_desfecho,False
3bff7a95-deab-ec88-7f11-9e07b692869e,subj_0ba2fa542b8358c8,2025-01-09T22:07:33Z,102.57,BRL,ecommerce,private_label,purchase,1,mer_a224d50ebe624a67,saque,False,dev_864148271f5a36c7,False,BR,BR-23,ip,ip_de9a00163d506731,legitima_confirmada,False
31e0895c-5c56-bde4-891c-6e9460d02878,subj_39b3f770484a3f8d,2025-01-09T22:51:07Z,103.81,BRL,pos,credit,purchase,6,mer_bf7c704af3f09558,digital,True,dev_1128d08600b201a7,False,BR,BR-01,gps,ip_a7dd60a0f65456c7,legitima_confirmada,False
a7c2b296-7fc9-9632-5102-cb0e24a5368a,subj_e60ed5e282d8edc3,2025-01-09T23:56:29Z,104.85,BRL,pos,private_label,purchase,1,mer_0639af7e9907134a,digital,True,dev_fa31bd6486fcef5a,True,BR,BR-15,gps,ip_9427c2c12e00c245,legitima_confirmada,False
df99e5ff-1b89-aea6-2544-35b5db83290e,subj_9d81e9d407f7e6aa,2025-01-10T00:41:17Z,87.3,BRL,ecommerce,credit,purchase,1,mer_7e698e1afc545c4e,servicos,True,dev_8f899fb3d33c3b3a,True,BR,BR-04,gps,ip_c38b4ea6bd8823ac,legitima_confirmada,False
7ac05c1c-1835-e87c-65a7-83f949ea661f,subj_c07d43015edcd12c,2025-01-10T01:34:03Z,43.14,BRL,pos,credit,purchase,1,mer_88441c0005078fdc,servicos,False,dev_e1361c6297b0c163,False,BR,BR-25,gps,ip_2faf5b30642135d8,legitima_confirmada,False
fdb30a0c-278a-c914-674f-e28887f3a070,subj_5a538f964e44db40,2025-01-10T01:53:45Z,56.11,BRL,ecommerce,private_label,purchase,6,mer_d32a33db2bf978eb,saque,True,dev_20d551cb92d1f3f6,True,BR,BR-15,gps,ip_6d4a818d9bcacdad,legitima_confirmada,False
1c29552e-af88-b6df-9099-179e060370b2,subj_051424a1d9043fe4,2025-01-10T02:03:37Z,184.67,BRL,ecommerce,credit,purchase,6,mer_413308ffb7a1f6bd,servicos,True,dev_2cbce585d0fddf89,True,BR,BR-16,cell,ip_ec6e9f59c2d2761e,legitima_confirmada,False
9c0804d0-cd51-8bd0-1c55-9d4c6c29be63,subj_2ef35a35df2daf28,2025-01-10T03:28:35Z,179.87,BRL,pos,private_label,bill_payment,6,mer_ead51bfe2e82055b,varejo,True,dev_9bfe5a83c7e592d0,True,BR,BR-16,gps,ip_e92a074ece89479f,legitima_confirmada,False
41c980e8-3422-118e-dfed-ad639f8686b0,subj_2edf8d9ffc60203e,2025-01-10T03:50:29Z,69.57,BRL,pos,credit,purchase,1,mer_b902d804b0f1694b,viagem,True,dev_97e0bbe8c14cfaf9,False,BR,BR-16,ip,ip_8745e2aed98bbd33,legitima_confirmada,False
eccaff25-4953-008a-e1e2-3f1af8d170fa,subj_58a572aadc11b1f7,2025-01-10T04:13:03Z,58.68,BRL,ecommerce,private_label,purchase,1,mer_c66a5cf6d14b9578,saque,True,dev_9819b86a3e547601,True,BR,BR-07,ip,ip_70ce4255179e9b67,fraude_confirmada,True
910139c1-72a3-2dfa-ac0a-786b57463e25,subj_a3573a220334778a,2025-01-10T05:16:19Z,162.86,BRL,pos,private_label,bill_payment,2,mer_22630df7f446b16f,varejo,False,dev_fc5dde2cbe448801,False,BR,BR-19,cell,ip_bd61a83184fc9124,legitima_confirmada,False
f3102260-fcf0-c1e6-b8f4-646f92e9da7a,subj_c80e220f04f60888,2025-01-10T05:47:21Z,69.08,BRL,pos,private_label,purchase,6,mer_d5557c64f9e14a96,varejo,True,dev_2bf4b4fec9a539b8,True,BR,BR-11,gps,ip_6d764309b380fe53,legitima_confirmada,False
f5130e8f-6fbb-1f91-6fec-a29a7066589c,subj_051424a1d9043fe4,2025-01-10T06:06:15Z,58.2,BRL,ecommerce,credit,purchase,3,mer_b9de2bd29068e88a,digital,True,dev_412e419f032e3153,False,BR,BR-16,cell,ip_362873c0b81f0c68,legitima_confirmada,False
1b747d66-16c7-e75c-7695-54d92412f3fe,subj_d026ba5fb7f789f7,2025-01-10T06:38:48Z,190.51,BRL,pos,credit,subscription,3,mer_f5cb3679be05cad4,varejo,True,dev_78ac4633f29d8600,True,BR,BR-18,cell,ip_2a21bdfe323ffa6b,legitima_confirmada,False
64c208bc-7b54-e49e-f9fe-916597001730,subj_f3d1f1ea771ca429,2025-01-10T09:18:49Z,91.47,BRL,pos,credit,purchase,3,mer_1dcca0e093daa067,servicos,True,dev_9a26a3d96358aab0,True,BR,BR-07,gps,ip_f5b70dcf92f7a673,legitima_confirmada,False
ec31d3a5-ee80-71a0-ddae-1b45ab0fa597,subj_78caf108f8b35da7,2025-01-10T09:46:33Z,955.99,BRL,pos,credit,withdrawal,12,mer_d39a054a3fcee81c,digital,True,dev_54c5e806ead931dd,True,BR,BR-17,ip,ip_7648653d7e0bcbb3,fraude_confirmada,True
31fbccc3-57fa-8b01-20e1-d2a75fd39083,subj_74c66332cd562387,2025-01-10T10:09:35Z,179.76,BRL,pos,credit,withdrawal,2,mer_c0b89cec834e1381,servicos,True,dev_4f406e614ae3a67d,True,BR,BR-19,gps,ip_c4ef12ab18d1e5ae,legitima_confirmada,False
d6865a67-3084-0b26-51ca-3ff1492e6e36,subj_1c950ce1bf4296f6,2025-01-10T12:01:13Z,9.62,BRL,recurring,credit,bill_payment,1,mer_45c5fb62f2765a19,digital,True,dev_459862112f54f8d5,True,BR,BR-23,ip,ip_4a9eb8240206d107,legitima_confirmada,False
af2040d8-3e66-1115-8d51-928def48b5bb,subj_608770a767c0e7bb,2025-01-10T12:24:53Z,698.37,BRL,ecommerce,credit,subscription,18,mer_411cd9423619c001,saque,True,dev_2417f8e2b70035c5,True,BR,BR-22,gps,ip_f3920baa93579cac,fraude_confirmada,True
882d25e5-f13a-9b4c-fb53-4f46cbcc9640,subj_a490a0193484ad8d,2025-01-10T12:35:18Z,57.32,BRL,atm,credit,subscription,2,mer_e6c839a7589b34d8,servicos,True,dev_18750a8de7843c26,True,BR,BR-06,cell,ip_c6dc8fa0d565cdef,legitima_confirmada,False
d1e51937-b62b-282f-c998-f66605ebb9f6,subj_bac596632ec1f7c3,2025-01-10T12:59:24Z,46.05,BRL,pos,credit,purchase,1,mer_1c8f0c4a4d03b915,varejo,True,dev_530f12282243675a,True,BR,BR-05,gps,ip_e35d22165d108623,legitima_confirmada,False
0709f372-5536-cd0e-80d6-fb66da714e9a,subj_a1b5146ee87268dd,2025-01-10T14:09:15Z,85.74,BRL,ecommerce,credit,purchase,2,mer_3f6017b4767e4f46,saque,True,dev_d28c4a4e75100c9c,True,BR,BR-04,cell,ip_27e93fcfd1782e9a,legitima_confirmada,False
8813d530-9b82-4551-36ee-83e159c8dbcd,subj_37b463fb2090be94,2025-01-10T16:15:09Z,148.87,BRL,ecommerce,credit,withdrawal,2,mer_50faa7ee020f27e8,varejo,True,dev_0168f1e8b157b956,True,BR,BR-07,gps,ip_69780d9c2dbdcc71,legitima_confirmada,False
a35b5698-7db5-52fe-9020-693a6fa22f9d,subj_ba0267843e839bab,2025-01-10T17:42:26Z,155.94,BRL,pos,credit,subscription,1,mer_e8acefd592e464f5,varejo,True,dev_f3b517acf9b5059a,True,BR,BR-23,none,ip_2a82c23a1f1d0f30,legitima_confirmada,False
fb952922-f483-920c-6712-60e404d1963a,subj_487cf4bdd749018b,2025-01-10T18:30:43Z,41.85,BRL,wallet,credit,purchase,1,mer_8ee2d2c0272c07e1,servicos,True,dev_4670e5e31b8747c6,True,BR,BR-00,gps,ip_541a25f828a31639,legitima_confirmada,False
fdd31f1f-1f9b-0838-1d2c-283f5dc0b0ab,subj_7f9b1288db1a1232,2025-01-10T19:06:42Z,66.18,BRL,ecommerce,credit,purchase,3,mer_a6bd5dfed9a627ac,saque,True,dev_2e73af3d332bf846,True,BR,BR-18,cell,ip_f117c07957dd8fcd,legitima_confirmada,False
428a3eea-83d7-6e08-d29b-5fa7484c15d1,subj_b45213b400fe7e50,2025-01-10T19:18:13Z,147.71,BRL,recurring,credit,bill_payment,6,mer_72dd4afa6ffa1a15,varejo,True,dev_d21260d1ceda5b04,True,BR,BR-07,ip,ip_013de006a96acdb7,sem_desfecho,False
36381945-2187-d82e-aef3-5b3a6b324dfe,subj_38fe62d6cffecfec,2025-01-10T20:10:46Z,56.31,BRL,wallet,private_label,purchase,1,mer_77a13d16a6ae7698,varejo,True,dev_d90e07124ce0bf8a,True,BR,BR-23,gps,ip_2f01ac2b3e3d6ea4,legitima_confirmada,False
8a0c09b1-7002-de81-f212-9fc75e95ac19,subj_5d0c570a60121e76,2025-01-10T20:57:48Z,75.83,BRL,recurring,credit,purchase,2,mer_65643b3be0f448f1,saque,False,dev_57710706c8456a68,False,BR,BR-18,cell,ip_a09b1b05929e4f06,legitima_confirmada,False
dcaef060-a49c-28c3-e08f-f4f4ec509f4e,subj_728d7cb8c1cec617,2025-01-10T22:30:26Z,98.26,BRL,pos,credit,purchase,1,mer_12558c3b34cb9451,saque,True,dev_ba9448cd410f1274,True,BR,BR-05,gps,ip_8a530f6ca464c049,legitima_confirmada,False
9ff67ce7-aeaa-44f6-b3cb-d7eedc403db2,subj_f6ccf4a172286631,2025-01-10T23:36:27Z,76.61,BRL,pos,credit,purchase,3,mer_06f1f608486b4e82,servicos,True,dev_9e36cbcbf860fd40,True,BR,BR-06,gps,ip_5d93a84476dd32b1,legitima_confirmada,False
003c2dd7-fb3e-75e5-d379-80596497a234,subj_7a30f84898409d61,2025-01-11T00:31:33Z,143.13,BRL,atm,credit,bill_payment,1,mer_019432a3bf85badf,varejo,True,dev_3900407f9697d5ac,True,BR,BR-03,cell,ip_544954d8010c7edb,legitima_confirmada,False
e174ede6-e76a-1106-989e-66455459057c,subj_74c66332cd562387,2025-01-11T00:33:52Z,42.86,BRL,pos,credit,withdrawal,3,mer_a56ffec2b7df64a6,servicos,False,dev_1edfccb205f1f5f7,False,BR,BR-19,cell,ip_f1a93c6348ca7a0e,sem_desfecho,False
4b37d4ce-b197-dc63-28e7-12c27c0e0002,subj_7a30f84898409d61,2025-01-11T02:10:04Z,71.06,BRL,atm,credit,purchase,3,mer_04088a41b4da7ee5,varejo,False,dev_3dd3e1de42221999,False,BR,BR-03,ip,ip_f031de539e0cafbb,legitima_confirmada,False
3d7cb8fb-50e1-0096-b314-76a67ee8d818,subj_7200a1019b646105,2025-01-11T02:32:17Z,455.29,BRL,pos,private_label,purchase,12,mer_589d73e829a28731,saque,True,dev_36ae9eb92eadf03c,True,BR,BR-19,gps,ip_f7538c3ad84e783a,fraude_confirmada,True
1223b91d-7d1d-522a-fe87-877505e449df,subj_abc117a64e992f56,2025-01-11T03:21:31Z,66.59,BRL,recurring,credit,purchase,1,mer_7785262f3571441c,servicos,True,dev_c24ed91a2c5fa31e,True,BR,BR-17,none,ip_af018b4174a91f9f,sem_desfecho,False
fbda9835-6ef5-962b-b31c-0443246fb2d3,subj_5c3b597baf58df33,2025-01-11T04:28:41Z,53.5,BRL,wallet,private_label,purchase,1,mer_30263d4193ec05cb,varejo,True,dev_b1e11ea04de0fdb6,True,BR,BR-26,cell,ip_6bb0165ea05cea27,legitima_confirmada,False
b7caf378-d5f7-7ed9-2b27-c9cea0666788,subj_051424a1d9043fe4,2025-01-11T05:12:15Z,44.78,BRL,ecommerce,credit,purchase,1,mer_cff9d385f02da3e7,viagem,False,dev_412e419f032e3153,False,BR,BR-16,gps,ip_17a5ed50b6184ee7,legitima_confirmada,False
e230c93d-ad40-629e-1df8-74d8c35fb8c3,subj_61522bbbd86f56f9,2025-01-11T05:23:29Z,121.98,BRL,ecommerce,private_label,subscription,2,mer_b30c590b495c0ebc,digital,True,dev_41988dc5b71a2fa6,False,BR,BR-00,gps,ip_ac697c92a4a583db,legitima_confirmada,False
f35a6323-063c-a59b-3700-ff5e1080a8d2,subj_9a1a156474eba6dc,2025-01-11T06:25:51Z,100.0,BRL,pos,credit,purchase,1,mer_508593a99d24202e,varejo,True,dev_9b1e930bd872bc4a,True,BR,BR-06,cell,ip_381dfa77bdee4ab3,legitima_confirmada,False
4f86815a-9352-a3b2-501d-144b83cbafca,subj_2396433826201c2b,2025-01-11T06:58:58Z,248.59,BRL,atm,private_label,purchase,6,mer_8d9bd6581699489d,digital,True,dev_5ccca9e25f596622,True,BR,BR-25,none,ip_ff9b7ed5582f9df1,sem_desfecho,False
3fa139ee-8705-8b12-22a5-b121aae5add3,subj_553371e438fd6969,2025-01-11T07:42:49Z,114.1,BRL,ecommerce,credit,purchase,2,mer_583b9e29fe889759,saque,True,dev_16b47e8bdfee60ae,True,BR,BR-23,gps,ip_bdf9f6984e93d0e4,legitima_confirmada,False
e2f029a5-098c-9807-dc4d-ab8ae54c776a,subj_1a845200e30a83d9,2025-01-11T11:44:23Z,65.8,BRL,ecommerce,credit,purchase,3,mer_fd5d20c24335607f,saque,True,dev_a58b0835b47155d3,False,BR,BR-00,gps,ip_f8d24a2c154570b0,legitima_confirmada,False
4cabd87a-a48f-ac9c-d5ed-3aba4fe962eb,subj_39b3f770484a3f8d,2025-01-11T12:54:38Z,241.13,BRL,ecommerce,credit,purchase,1,mer_beac6a650984fa40,varejo,False,dev_1128d08600b201a7,False,BR,BR-21,cell,ip_f1cc2e9e74a88f2f,legitima_confirmada,False
ef19ee95-fd67-cae9-eb39-8e3a7504b6de,subj_08748f542278de3b,2025-01-11T14:38:37Z,383.32,BRL,pos,credit,subscription,1,mer_9f90de87e139c7dd,varejo,True,dev_1200b9be762816b3,False,BR,BR-00,cell,ip_b0b1b8201f77fbf4,legitima_confirmada,False
d2a64d44-eeb0-9582-3f79-48111b901911,subj_c604e63f36596de7,2025-01-11T16:41:56Z,92.52,BRL,pos,private_label,purchase,6,mer_97d68b11deed1c31,digital,True,dev_1fc7fc659e0ceca8,True,BR,BR-02,gps,ip_8ce364fd17f2f0f5,legitima_confirmada,False
9885016f-6038-4281-eb57-63ec54215af9,subj_2ed6d8fcce775629,2025-01-11T16:47:35Z,40.4,BRL,pos,credit,purchase,2,mer_195a9776bd12cfae,servicos,True,dev_cd918dcac521507b,True,BR,BR-04,gps,ip_90c289ad57df1279,legitima_confirmada,False
4f3f0448-fc57-5152-5a01-12c84f2b54f5,subj_48d302dde31e3ee1,2025-01-11T17:32:28Z,460.9,BRL,ecommerce,credit,purchase,1,mer_3efa9643e0dbb419,saque,True,dev_166595cf0555035f,True,BR,BR-24,gps,ip_b6cc7e870e8299e8,fraude_confirmada,True
bbb891b3-ec94-4f27-6a05-1c02803526d7,subj_e44bc7c3325ec7ed,2025-01-11T19:14:05Z,161.38,BRL,wallet,credit,purchase,1,mer_6a406086a898b558,varejo,True,dev_ef366dd0b196357a,True,BR,BR-09,gps,ip_20c231b31cf0243c,legitima_confirmada,False
c15581b0-a07d-4ca8-e2db-807cc3f66353,subj_c71ef7a6d9b9ada4,2025-01-11T19:30:59Z,153.74,BRL,recurring,credit,purchase,6,mer_c5da51f6fba3e795,varejo,True,dev_657957af22d1e0c9,True,BR,BR-14,ip,ip_c4b82b29eba9bca9,legitima_confirmada,False
f131646d-6efb-b061-6564-b0d79bf085a7,subj_aab841ae2dfe1a0f,2025-01-11T20:51:47Z,50.57,BRL,ecommerce,credit,bill_payment,6,mer_cf8327244c45ad20,varejo,False,dev_76c52e335b24c6b4,False,BR,BR-07,gps,ip_2ec4bd3f54b927ca,legitima_confirmada,False
fde016a9-5f6d-d75e-e197-3324914e1b64,subj_d5776426305a7ba6,2025-01-11T21:57:13Z,198.58,BRL,wallet,credit,purchase,1,mer_92e2ebded40c68e3,varejo,True,dev_dd5f7019dd7fab66,False,BR,BR-23,gps,ip_cfbf053b62b2d342,legitima_confirmada,False
2ecf4604-5075-3af4-6d04-fd85cc63fbcd,subj_38fe62d6cffecfec,2025-01-11T22:46:21Z,10.96,BRL,wallet,private_label,purchase,3,mer_491e9386245f9b5f,varejo,False,dev_37cc365040157445,False,BR,BR-23,cell,ip_b816a2e5dd842fcf,legitima_confirmada,False
d500d270-eda4-d08e-801c-212e4f9f6e76,subj_9c485f45e43b0130,2025-01-11T23:10:05Z,68.14,BRL,atm,private_label,purchase,2,mer_26e14a79ca8e4690,varejo,True,dev_8a27788f0eb4d083,True,BR,BR-02,gps,ip_3542bc078120ab9f,legitima_confirmada,False
0494acc3-264f-5d93-bc11-d0e3ac7b0de0,subj_817cb38f37249c88,2025-01-11T23:13:04Z,1275.15,BRL,ecommerce,credit,bill_payment,1,mer_d0195348946b9a8f,viagem,True,dev_f672621018ca3924,True,BR,BR-20,ip,ip_186e4a0485d798dc,fraude_confirmada,True
6dbcbe5e-cc90-a816-0789-f6869d792f24,subj_561fcbd11440d9ad,2025-01-11T23:54:18Z,211.22,BRL,ecommerce,credit,withdrawal,1,mer_dbf81110d34850e4,viagem,True,dev_451ab310b9c756f1,True,BR,BR-02,cell,ip_a1f88a487e100349,fraude_confirmada,True
1ec9f4b0-6672-30d3-4302-ffa85dba076b,subj_bac596632ec1f7c3,2025-01-12T00:21:35Z,102.61,BRL,atm,credit,purchase,3,mer_c74fa9f2b8ea45c4,digital,False,dev_b31ce3744d7aa6b2,False,BR,BR-05,gps,ip_46badd7975c80cba,legitima_confirmada,False
de9dbbdb-08b3-1c12-3a9a-d69534ece096,subj_0132db8f7163b908,2025-01-12T00:29:37Z,139.75,BRL,ecommerce,credit,purchase,3,mer_e47256bd1bb8764a,varejo,True,dev_d7e1e833d4517f78,True,BR,BR-25,gps,ip_2d86e4fe27d7d786,legitima_confirmada,False
56cb1464-f0a7-357e-bbf0-95eb4c1c6fd9,subj_6778243449edfec4,2025-01-12T01:35:26Z,257.25,BRL,ecommerce,private_label,purchase,1,mer_e1e3c8f7e74aa60b,varejo,True,dev_93bfb5eb869010db,True,US,INTL,gps,ip_29bb187f7540842a,fraude_confirmada,True
74dcbf7f-ec9e-e5de-7935-2d82d7b88030,subj_1f6d7773bf5b4513,2025-01-12T02:24:00Z,120.02,BRL,pos,credit,purchase,1,mer_7d5521a711750d7a,varejo,True,dev_c36ddd5ec57d377a,True,BR,BR-19,gps,ip_12ba413fac97ebc2,sem_desfecho,False
4c961f2d-1c8c-c6cd-cea5-b9ac2e584625,subj_37b463fb2090be94,2025-01-12T02:27:39Z,73.06,BRL,ecommerce,credit,subscription,1,mer_f8c506cb85ad890c,varejo,False,dev_63315a734fbc45bf,False,BR,BR-07,cell,ip_1bf1df39bbbe9fcd,legitima_confirmada,False
84b2b8a4-ae98-09b0-d1c2-77347b0bef91,subj_8535275a612e0e98,2025-01-12T02:36:33Z,636.12,BRL,recurring,credit,purchase,1,mer_eb729a603240a3f6,saque,True,dev_7c8ca1fcd0d0c9b8,True,BR,BR-22,cell,ip_24bed204e15a9bb5,fraude_confirmada,True
356ddb18-a6b6-b93e-b35d-7045854183ff,subj_f32fbb9c3a65ba6f,2025-01-12T03:15:13Z,345.6,BRL,recurring,private_label,purchase,3,mer_6e534aeb21e54d02,varejo,True,dev_dc79f88ad538edb0,True,BR,BR-02,gps,ip_cf72be79f083a8a0,legitima_confirmada,False
ff4d82b0-dcf0-91a6-06e3-f987c4610643,subj_800823570859adc9,2025-01-12T03:17:11Z,97.32,BRL,pos,credit,purchase,1,mer_ee2fa7863231ca9b,viagem,False,dev_82114d09e668cc9c,False,BR,BR-00,cell,ip_5321083c49451778,legitima_confirmada,False
3f5b788c-6d0c-3318-8a43-e1c43505ad04,subj_f88388827fb86455,2025-01-12T03:24:28Z,149.15,BRL,ecommerce,private_label,purchase,1,mer_5038ca0fdf1eb7be,servicos,True,dev_5e1d04cb4689285a,True,BR,BR-05,cell,ip_2ce44673dfb27351,legitima_confirmada,False
e40c086a-2c08-23bf-f516-39e463a1aeaa,subj_9c2b10d95ee19342,2025-01-12T03:43:01Z,194.41,BRL,wallet,credit,purchase,1,mer_3823d323daa10caa,saque,False,dev_117f97a4d62f6083,False,BR,BR-04,cell,ip_cd5829ced2e054e5,legitima_confirmada,False
214bcbd8-3a96-ce85-83a4-1873a5e963f9,subj_bc0064403056df56,2025-01-12T04:12:49Z,119.48,BRL,pos,credit,purchase,1,mer_04e2200eebed36f3,viagem,False,dev_8c78becdda30d99a,False,BR,BR-25,gps,ip_9dd22bd077ed9d55,legitima_confirmada,False
3679a15f-40c3-47a1-45d2-9d24aaeb57d8,subj_07b51d820b204ac9,2025-01-12T05:23:24Z,94.26,BRL,pos,credit,purchase,6,mer_d0997be316a0bdb9,digital,True,dev_ddd91528eecbb1bd,True,BR,BR-08,ip,ip_43d797cdf212e292,legitima_confirmada,False
3f317b27-ae0c-7d47-c43f-a68400fd606a,subj_a3573a220334778a,2025-01-12T05:44:20Z,100.17,BRL,pos,private_label,purchase,3,mer_0356b2e7af7e99df,viagem,False,dev_fc5dde2cbe448801,False,BR,BR-19,gps,ip_4a66d10e8366b5b5,legitima_confirmada,False
69833958-8e36-a820-45db-f2e25ec8202c,subj_cd24f29d81bd4c3b,2025-01-12T06:57:43Z,301.0,BRL,pos,private_label,subscription,3,mer_ead51bfe2e82055b,varejo,True,dev_fc7c337a49761551,True,BR,BR-25,cell,ip_c6f0a899165d1f0b,legitima_confirmada,False
5bd52b40-9ede-ae97-e6d8-a2c78e6027e0,subj_bc0064403056df56,2025-01-12T07:06:59Z,311.62,BRL,pos,credit,purchase,1,mer_8075c510fff62e33,varejo,True,dev_8c78becdda30d99a,False,BR,BR-25,cell,ip_54ab973244e4f4fe,legitima_confirmada,False
2992da43-f6d0-5f69-1749-7f5dbf7e354e,subj_28a80f8be9a1f4c9,2025-01-12T07:19:48Z,425.9,BRL,pos,private_label,subscription,1,mer_fa1d34c1963e1117,varejo,True,dev_3f645ce5811f7c5e,True,AR,INTL,gps,ip_d85154f75ea7a895,em_disputa,True
99b23d60-023c-2c4c-ff92-5673745513a2,subj_f400a26830d838d0,2025-01-12T07:21:30Z,122.01,BRL,ecommerce,credit,bill_payment,1,mer_dc4a0e27f484c494,servicos,True,dev_22266f9c395766be,True,BR,BR-03,cell,ip_8b4d8929938fc52d,legitima_confirmada,False
7e539872-0fea-95f4-7ccd-ec48996d9b74,subj_de0903f20e8c0001,2025-01-12T07:35:44Z,50.73,BRL,recurring,private_label,bill_payment,1,mer_8ce32895f23420a8,servicos,True,dev_31a87023901d214d,True,BR,BR-06,gps,ip_e96c2f23ba216311,legitima_confirmada,False
dcae31d0-8e0c-cfa2-bb32-804e4e94471a,subj_c900630a8a2512fb,2025-01-12T08:10:20Z,107.42,BRL,atm,credit,purchase,1,mer_0dbaf32fda25bbf2,varejo,False,dev_2a69bc977b86b158,False,BR,BR-06,gps,ip_af8596ece237dbca,legitima_confirmada,False
9c33b3bb-7040-6431-13c5-705e96040102,subj_5a4ba3289e2b3882,2025-01-12T08:46:12Z,45.48,BRL,ecommerce,private_label,purchase,1,mer_541c73d7cd5aaf49,saque,True,dev_f00afba37c135aa9,True,BR,BR-24,cell,ip_7f8f026c1f1b6f7f,legitima_confirmada,False
a884e0e6-45c5-df00-c30a-8e2d71c84d2a,subj_710d5d9f0aa237a6,2025-01-12T09:25:54Z,94.91,BRL,atm,credit,purchase,1,mer_53f00a06105e571a,varejo,True,dev_849ec4a8f06c3b03,True,BR,BR-06,cell,ip_cb9d8a59fcfa2afe,legitima_confirmada,False
7ed1e229-8516-4f52-2886-5d8e1fb7dd3d,subj_26f5dc7700d9ae96,2025-01-12T10:47:27Z,116.95,BRL,atm,credit,subscription,1,mer_53e41a6c5a9208c0,servicos,True,dev_69bc9d56d63649c2,False,BR,BR-25,gps,ip_b6c8267a819522a7,legitima_confirmada,False
3cbfc568-e52f-8594-de4a-5c89b500f6f7,subj_a512dd51b32ddffc,2025-01-12T12:13:16Z,44.55,BRL,wallet,private_label,purchase,1,mer_c3942a9f3a294d67,varejo,True,dev_19ff9f4711619bf6,True,BR,BR-06,none,ip_fa4529a6ec9ca0e7,legitima_confirmada,False
01810ce0-ef44-780b-c39e-bf472c104399,subj_d9243e33ba47e3df,2025-01-12T12:20:05Z,73.99,BRL,ecommerce,private_label,withdrawal,3,mer_b88dc165d4e2ff03,saque,True,dev_46e38196666f0537,True,BR,BR-16,cell,ip_762e7384cfd56743,legitima_confirmada,False
1758257a-fdd5-b46d-b70e-6f5bc8daa3eb,subj_dd82a0f404e3a43e,2025-01-12T13:14:48Z,245.56,BRL,recurring,private_label,withdrawal,2,mer_27f45f50e43756b2,varejo,False,dev_43071703bd1b9e8e,False,BR,BR-01,cell,ip_16ab66667c2ac557,legitima_confirmada,False
9252fe4b-5885-fbc2-cb8c-522e46e16d3e,subj_39b3f770484a3f8d,2025-01-12T14:35:21Z,61.18,BRL,pos,credit,purchase,1,mer_73f7246e9379f8d0,varejo,True,dev_1128d08600b201a7,False,BR,BR-21,cell,ip_938e65e60b3b50c2,legitima_confirmada,False
2c8d8ae0-c063-b014-3dce-3a2f894599c3,subj_f88388827fb86455,2025-01-12T14:40:47Z,192.32,BRL,ecommerce,private_label,purchase,2,mer_33cd59e3f0e96d24,varejo,False,dev_044df5a821337af6,False,BR,BR-05,ip,ip_f05184bd7e4283ae,legitima_confirmada,False
d690d759-4673-0fac-f22c-f235fb55d14d,subj_52d24f79f577e947,2025-01-12T14:49:39Z,47.91,BRL,pos,private_label,purchase,1,mer_10a69f952dcfbb1b,varejo,True,dev_2988342c76fff2c6,True,BR,BR-25,gps,ip_ea9f31f7ca4e62c1,legitima_confirmada,False
c830f852-e435-ea0e-aeff-91c9a1df8e80,subj_b6e85c6ce26f775d,2025-01-12T14:59:42Z,316.23,BRL,wallet,private_label,withdrawal,1,mer_711fe94d89ce67ee,servicos,True,dev_76793b02d9fea851,True,BR,BR-23,none,ip_63f1237674ed1eed,sem_desfecho,False
71d4b71a-e81b-f35f-42bd-5aeebd873a24,subj_5a4ba3289e2b3882,2025-01-12T15:04:39Z,37.95,BRL,ecommerce,private_label,subscription,10,mer_9451342bac3a4109,servicos,False,dev_d6305f10cc57a08f,False,BR,BR-00,cell,ip_f9bcb9e79753d772,legitima_confirmada,False
51a1a565-2b43-a034-46c3-5bd010e68d07,subj_edfee7f2f7025881,2025-01-12T15:16:31Z,111.7,BRL,pos,credit,purchase,1,mer_5799f357cfdef9bd,saque,True,dev_335872531faa028a,True,BR,BR-25,cell,ip_cf2ea31f5a7ddc68,legitima_confirmada,False
5cef83af-4bfc-7df9-692c-6b0adb436cff,subj_f94de0f9726a3146,2025-01-12T15:34:28Z,319.04,BRL,wallet,credit,purchase,1,mer_486b386e954c6f2a,digital,True,dev_2708d7da66487719,True,BR,BR-15,ip,ip_b92b0b795b4e91d1,legitima_confirmada,False
08c2749f-c761-f39a-92ee-fae344b0d2d3,subj_31566639f62dbd42,2025-01-12T16:18:56Z,84.93,BRL,ecommerce,private_label,purchase,1,mer_cd6577cf660999cd,servicos,False,dev_d325aab3578a803a,False,BR,BR-17,cell,ip_09dea59f28be698c,legitima_confirmada,False
2c1bb304-d880-e8d3-030a-879469170682,subj_fbb1eedf9b242199,2025-01-12T16:20:36Z,95.81,BRL,ecommerce,credit,subscription,3,mer_8ca86f7c8f6763bd,varejo,True,dev_57c7e1c7ce72c270,True,BR,BR-02,gps,ip_e3e7f0b51103b402,legitima_confirmada,False
55c658c7-e35e-5af7-deb8-137fe2c8cdbb,subj_bea17f2690282861,2025-01-12T16:20:47Z,29.69,BRL,pos,credit,purchase,3,mer_9327ffc315d0dd65,saque,True,dev_0c6f662007566834,True,BR,BR-17,gps,ip_dd54dfc89fc5fe67,legitima_confirmada,False
894e7638-89e3-34c1-1a1b-e62896c16f36,subj_38fe62d6cffecfec,2025-01-12T16:31:41Z,190.72,BRL,wallet,private_label,purchase,1,mer_b5d1281b3bd14b10,viagem,False,dev_37cc365040157445,False,BR,BR-07,gps,ip_fb232645cd41bbb5,fraude_confirmada,True
c621e8e6-9039-9caf-c419-ce0e291f6573,subj_72c58b8341b99e6e,2025-01-12T16:45:59Z,196.81,BRL,atm,private_label,purchase,1,mer_9792c400afe7efe6,varejo,True,dev_8927569cd399d441,True,BR,BR-19,gps,ip_a7a476632e7965aa,legitima_confirmada,False
c324d1de-b53e-c99c-140e-bca7508ff674,subj_a3414409c110e008,2025-01-12T18:22:57Z,160.77,BRL,ecommerce,private_label,purchase,1,mer_5b468ddf3d58f828,varejo,True,dev_45edec7b2d018677,True,BR,BR-04,none,ip_47867fa24fdf6556,fraude_confirmada,True
de77cfbd-0c35-1a25-d9e9-1c98d4abd6cc,subj_313ed7191886aa25,2025-01-12T18:36:46Z,71.74,BRL,pos,credit,purchase,1,mer_a2040216a558fcf1,digital,True,dev_4d8c5b81913c12d9,True,BR,BR-08,cell,ip_b49f40ee70d645f1,legitima_confirmada,False
27c86878-6265-cbd4-3f95-9801fc364602,subj_4a2995834ee396db,2025-01-12T19:20:23Z,179.9,BRL,pos,credit,purchase,1,mer_0401645092cb4e36,varejo,True,dev_010127159862f48c,True,BR,BR-03,gps,ip_809051ec69e38c55,legitima_confirmada,False
4b453705-2b3c-89b7-ee0a-ab23834b67c0,subj_e60ed5e282d8edc3,2025-01-12T20:18:55Z,204.12,BRL,pos,private_label,purchase,6,mer_614b593c92931207,servicos,False,dev_d08832484196d037,False,BR,BR-15,gps,ip_ed8166501ca8317a,legitima_confirmada,False
8b55d5eb-3351-0266-91ce-0129c0d1bc81,subj_d91d6c13b116b68f,2025-01-13T00:56:12Z,48.56,BRL,pos,private_label,purchase,2,mer_62de5a508d7361bc,varejo,True,dev_6023688655ec8813,True,BR,BR-14,gps,ip_03117e8b0021f62c,sem_desfecho,False
d6b12c78-aa3a-0a16-2df9-30ba294bad1a,subj_101c58e41ce7b2a1,2025-01-13T01:00:40Z,109.31,BRL,pos,credit,purchase,10,mer_51f6b1c6bf375321,servicos,True,dev_aa58f99b4d950d18,True,BR,BR-05,gps,ip_df1f1539db058ac6,legitima_confirmada,False
3f9a361f-b56b-f6bf-e8a7-ec8564c0f541,subj_39b3f770484a3f8d,2025-01-13T01:08:28Z,71.69,BRL,pos,credit,purchase,1,mer_b95cd5c99d23f56d,digital,False,dev_1128d08600b201a7,False,BR,BR-21,cell,ip_f8858ad4083bee99,legitima_confirmada,False
a5c7a70c-eb0a-8abe-d811-d98a64930435,subj_68187a13c20a13be,2025-01-13T01:59:22Z,316.8,BRL,pos,credit,purchase,3,mer_c8b34fc49450e8b4,servicos,True,dev_fe786a9cc810ebeb,True,BR,BR-01,ip,ip_2b74bc20ac91a59e,legitima_confirmada,False
4d01af36-f2f8-e8f0-5816-bfa97b3616a2,subj_adef245428025dd5,2025-01-13T02:19:44Z,671.81,BRL,wallet,credit,purchase,1,mer_fe919dc11353f3b4,varejo,True,dev_ba8ed2b9d7832b71,True,BR,BR-17,gps,ip_a5f43789033c3d07,em_disputa,True
cb7abf89-9c5c-d920-a83a-c8f865b7425f,subj_49dded3b60fce967,2025-01-13T03:46:42Z,36.46,BRL,pos,credit,bill_payment,10,mer_3b5fbab9b75496b1,varejo,False,dev_800b532e2da93628,False,BR,BR-00,ip,ip_1d4ea6b28bdc3d6e,legitima_confirmada,False
942a0af4-6fdd-4c75-cc77-5ecdbbbefb68,subj_144fc1c31192922d,2025-01-13T04:18:48Z,92.92,BRL,ecommerce,credit,bill_payment,6,mer_c0f5998e7031c4c7,varejo,True,dev_d6702e61b7e55576,True,BR,BR-19,cell,ip_5a5a8e7b00e79a2d,sem_desfecho,False
c297228d-4739-8b61-8ab9-902bcf7d769f,subj_dbc48efd0a973036,2025-01-13T05:45:47Z,73.38,BRL,recurring,credit,purchase,1,mer_51da72d73a24470f,saque,True,dev_0064fd1eed2786b1,True,BR,BR-24,gps,ip_93ba4ce9456d1931,legitima_confirmada,False
0a316e43-e9b6-47fb-b866-a6f89af7b039,subj_4f16a768bc4719e1,2025-01-13T06:25:58Z,512.09,BRL,pos,private_label,subscription,2,mer_325f7602ddbcacfc,digital,True,dev_3d37823c829a16f6,True,BR,BR-24,cell,ip_87813cba7b66679b,legitima_confirmada,False
9eb235fb-f134-84c9-c527-010bc9a3af41,subj_39b3f770484a3f8d,2025-01-13T07:20:16Z,130.78,BRL,pos,credit,purchase,1,mer_504c210745c79ab3,servicos,False,dev_1128d08600b201a7,False,BR,BR-21,ip,ip_d87f4e936b7ec864,legitima_confirmada,False
d1cfd316-f803-c554-80bb-1d6a70c8ca16,subj_1caf1d20aadde5f1,2025-01-13T07:28:28Z,182.36,BRL,pos,private_label,purchase,1,mer_254c2b1d2fd04423,digital,True,dev_45d49aa3574d4a58,True,BR,BR-02,cell,ip_859323bbe4f7cd9b,legitima_confirmada,False
32f70421-a655-dece-3859-6268528b969c,subj_399fd2d499768faf,2025-01-13T07:31:40Z,30.53,BRL,ecommerce,credit,purchase,10,mer_b0ef06e13cb5f513,servicos,True,dev_0fef1ec9792d82ea,True,BR,BR-13,cell,ip_2162c39b82249bca,legitima_confirmada,False
55f4c023-1853-a8cb-71c2-fe4378771d21,subj_694fd04a5df60f26,2025-01-13T07:55:47Z,367.05,BRL,pos,credit,purchase,1,mer_d2c445a67003342e,servicos,True,dev_00bd67b8dfb8d0a0,True,BR,BR-17,none,ip_eadda6431a63eb5b,legitima_confirmada,False
25eaa071-71b9-e39a-4925-22ce53250fc3,subj_9c2b10d95ee19342,2025-01-13T07:59:37Z,244.25,BRL,pos,credit,purchase,3,mer_0b893b2595df889c,servicos,True,dev_117f97a4d62f6083,False,BR,BR-04,gps,ip_6c5e78e8a925c140,legitima_confirmada,False
165271b6-8fb5-c85b-976a-f02252f041e3,subj_a343ba08e51b0163,2025-01-13T08:01:10Z,25.61,BRL,ecommerce,private_label,purchase,1,mer_00fd09be510e8c6d,varejo,True,dev_0d1eef8e29796a7a,True,BR,BR-14,none,ip_5ae76482bd7a35f2,legitima_confirmada,False
a0ba07f0-a31e-ecbb-6afc-4f358cb849f5,subj_c5528de81cad9e10,2025-01-13T08:04:00Z,203.36,BRL,ecommerce,credit,purchase,1,mer_c58f4090ba3d8fae,servicos,True,dev_65a69b398ba22c93,True,BR,BR-00,gps,ip_3490045e65376502,legitima_confirmada,False
0f51f9af-ecba-fe98-4b90-981fb6fe1c51,subj_52308fdceb8bba21,2025-01-13T08:48:08Z,54.94,BRL,ecommerce,private_label,purchase,3,mer_88df20ea12b13a6c,servicos,True,dev_4309b680b2d76454,True,BR,BR-16,gps,ip_e479767d17f758e1,legitima_confirmada,False
ff3d9292-f4ab-a671-8441-d2d380113c30,subj_041a4d0022369d45,2025-01-13T08:54:24Z,166.56,BRL,recurring,private_label,subscription,1,mer_19381aa040ff2912,varejo,True,dev_f5c869a644c9c454,True,BR,BR-14,cell,ip_2cda5a3816944b8d,sem_desfecho,False
b1bd3f1e-c84a-b2c7-a81c-2523a1bf1c7a,subj_39b3f770484a3f8d,2025-01-13T08:58:09Z,55.14,BRL,wallet,credit,purchase,6,mer_50926b85bb1d821b,servicos,True,dev_1128d08600b201a7,False,BR,BR-21,ip,ip_585a066a96e2066e,legitima_confirmada,False
0b23db22-a11f-44b2-0b39-378bf0638d3e,subj_0c366c48bb772464,2025-01-13T09:40:44Z,144.42,BRL,recurring,credit,purchase,1,mer_ef7fb91000477ea0,varejo,True,dev_a464a67f93811c8e,True,BR,BR-01,ip,ip_6cdd1323f939d388,legitima_confirmada,False
c29387dc-0209-335d-4df3-76d7c1240b1d,subj_101c58e41ce7b2a1,2025-01-13T09:44:36Z,210.41,BRL,atm,credit,purchase,3,mer_427858f3682930cc,servicos,False,dev_2b029a6e1036bf71,False,BR,BR-05,cell,ip_ac9cafc88b70216d,legitima_confirmada,False
137ad611-c2d7-3dd8-1231-b6664289b22d,subj_4ad7a6d03980c00d,2025-01-13T09:57:13Z,262.97,BRL,ecommerce,private_label,purchase,10,mer_617560a0cd9d02a6,saque,False,dev_187c583883e8bc25,False,BR,BR-10,ip,ip_53c33b1860facc38,legitima_confirmada,False
2317be85-26b3-a320-4a35-684fa4f7e389,subj_605a1f951bc650b7,2025-01-13T10:52:16Z,46.91,BRL,pos,credit,purchase,3,mer_46e050ea6dcf95ad,varejo,True,dev_93b294c56058b1f3,True,BR,BR-09,ip,ip_cc637814c9ef16c9,legitima_confirmada,False
f48bddbb-78dc-b996-d0df-c589abe00607,subj_4c185e2c0fdfed14,2025-01-13T11:17:41Z,281.29,BRL,wallet,private_label,purchase,1,mer_579022284d28a9d1,viagem,True,dev_de7b3f7e00a846a4,True,BR,BR-21,gps,ip_369292815ef17d95,legitima_confirmada,False
55182797-e206-8d35-76e3-af6453a3ef4a,subj_69ea29b20f640811,2025-01-13T11:59:30Z,195.97,BRL,wallet,credit,purchase,1,mer_abf8fd4bb54cce61,digital,True,dev_d5aa7fb39b9f2b5d,True,BR,BR-18,gps,ip_e92c58916e2a85a8,legitima_confirmada,False
55f46029-9f39-86d2-9001-9c2df02dce93,subj_88b64b03a8511070,2025-01-13T12:15:57Z,82.42,BRL,pos,credit,purchase,10,mer_e04b6785524c092d,servicos,True,dev_8bc9ef7911d35737,True,BR,BR-21,gps,ip_f7506d77627bea3b,legitima_confirmada,False
72349eaa-eafc-6a80-7bee-93ffd32f0fa7,subj_8210c89522f550e8,2025-01-13T13:41:18Z,25.56,BRL,ecommerce,credit,bill_payment,6,mer_197c8a8afbe43039,varejo,True,dev_a6fbba783968cd68,True,BR,BR-06,gps,ip_a07e1046fae14e93,sem_desfecho,False
c9915fdd-bd88-6a01-ca68-7b6bc9656d44,subj_d9243e33ba47e3df,2025-01-13T14:10:15Z,226.79,BRL,ecommerce,private_label,purchase,6,mer_287041977fc740dc,servicos,False,dev_781d896ef9530265,True,BR,BR-16,cell,ip_63fd202ef8088684,legitima_confirmada,False
c601e1e3-622a-be19-1f9d-2907ff755d1a,subj_3fef7009c809015c,2025-01-13T14:30:05Z,173.85,BRL,ecommerce,credit,purchase,1,mer_967fb355b0dbb972,servicos,True,dev_9d121e3879e082cc,False,BR,BR-16,gps,ip_7fba90bad129fade,legitima_confirmada,False
7725f65d-c892-3b4f-0ab9-b0c1b85134fa,subj_c71ef7a6d9b9ada4,2025-01-13T14:38:25Z,138.61,BRL,recurring,credit,purchase,1,mer_340d7e8712af8c98,servicos,False,dev_4ad97d1028c78cc3,False,BR,BR-14,cell,ip_c0166b63a420c299,sem_desfecho,False
341974ee-43f5-77da-de5f-e6cdde16eba4,subj_f3d1f1ea771ca429,2025-01-13T15:31:01Z,93.26,BRL,pos,credit,purchase,2,mer_832786bdb7b4aa90,viagem,False,dev_cc4c97c317ebe028,False,BR,BR-07,gps,ip_1897339d9aa31493,legitima_confirmada,False
6e984a34-27d5-f993-c270-56b3d81dd3a9,subj_68187a13c20a13be,2025-01-13T16:03:07Z,326.05,BRL,ecommerce,credit,purchase,1,mer_dd5abb772793def3,varejo,False,dev_cac8e422fb04d0b8,False,BR,BR-01,ip,ip_ebcda066af0bf571,fraude_suspeita,True
ca1092ed-06b4-b155-8b16-f90165668f4b,subj_91d410b30f5f0125,2025-01-13T18:06:35Z,101.9,BRL,pos,credit,purchase,1,mer_20b1f443083a14e0,varejo,True,dev_cab24677d6e7406b,True,BR,BR-06,ip,ip_568196956ca6ef81,legitima_confirmada,False
e611a263-e5b1-d06c-8d6e-9b6676f7c0a3,subj_a25f3fcc0cea07da,2025-01-13T18:14:22Z,167.84,BRL,pos,private_label,withdrawal,1,mer_367507b1371bbb95,saque,True,dev_5ad18b6b26fc19f2,True,BR,BR-03,ip,ip_5f10ee9e649ead3b,fraude_suspeita,True
15f3f9d6-fe5f-94ee-646e-8161609bbdc8,subj_72c58b8341b99e6e,2025-01-13T18:17:52Z,128.49,BRL,atm,private_label,purchase,3,mer_f16fd79e2afb4790,varejo,True,dev_c4fddfd9a1ebdcf4,False,BR,BR-19,gps,ip_1f9d686fc8ff749f,sem_desfecho,False
f1fe876c-1aaf-3f5f-7f36-05f3c089d38c,subj_b45213b400fe7e50,2025-01-13T18:39:13Z,164.96,BRL,recurring,credit,purchase,1,mer_c4f8b89ed17fa1c9,varejo,True,dev_b4f452905bfc8cda,False,BR,BR-07,gps,ip_169088a37f44821f,legitima_confirmada,False
5f3e218b-f30c-f186-81d7-0845174b45d4,subj_5a06a4b6254d1cb6,2025-01-13T19:09:15Z,196.99,BRL,ecommerce,credit,purchase,1,mer_e386a436918e0650,digital,False,dev_0809b861f127008a,False,BR,BR-07,cell,ip_7a50bfd5be775d19,legitima_confirmada,False
b5fab560-e9bb-cb59-17db-87ddd9becc33,subj_5385bfcb8103bdf5,2025-01-13T19:59:02Z,20.78,BRL,wallet,credit,purchase,1,mer_d61a0b7c8604fd32,servicos,True,dev_d7bea1fd1dca6fd6,True,BR,BR-25,none,ip_20633c7ad2abbe01,sem_desfecho,False
0dfe23ad-3f49-61e0-8dd4-c7dab0fc4193,subj_6de974575090a747,2025-01-13T20:32:44Z,246.16,BRL,ecommerce,private_label,purchase,6,mer_6f073790c70b0ef4,digital,True,dev_655f61e3248782bc,True,BR,BR-10,gps,ip_b7e209de54d8c82b,legitima_confirmada,False
bd262918-0fe6-81c9-772c-808c03688caf,subj_c7e13d1eb0a3c4e1,2025-01-13T21:10:05Z,500.82,BRL,atm,credit,withdrawal,1,mer_bd4572099bd37236,digital,True,dev_9c675d2de5fa7fba,True,BR,BR-24,ip,ip_5ea775c8c853cb62,legitima_confirmada,False
d7ac96e9-214d-05ef-3540-2c1b175900b2,subj_6b39b5e563841e4f,2025-01-13T21:44:29Z,99.27,BRL,atm,private_label,purchase,1,mer_19328089c0fb0f07,varejo,True,dev_991efae70d20b899,True,BR,BR-14,gps,ip_8b6a6466de1d14cf,legitima_confirmada,False
68e0a254-5356-f4e5-f5dd-62e7361a4d67,subj_57f3468074108fb2,2025-01-13T22:09:02Z,39.62,BRL,pos,private_label,purchase,2,mer_5d177b553d2ee115,servicos,False,dev_b05af3b70afe27a7,False,AR,INTL,gps,ip_836ed8ffaed3b2cf,legitima_confirmada,False
f0dee48c-451e-ed32-5695-5bf92c4564b8,subj_008b601976b24746,2025-01-13T22:36:26Z,254.0,BRL,pos,credit,bill_payment,1,mer_5cb7e631ba09f095,saque,True,dev_1d26e3e3f11bee29,True,BR,BR-10,gps,ip_f7dcaf016ad98abb,legitima_confirmada,False
db629171-d331-ff00-6e9c-5fc71762e020,subj_0595552d6476c750,2025-01-13T22:47:00Z,159.09,BRL,wallet,credit,purchase,3,mer_f19df8b7ee79298f,varejo,False,dev_42d18825ffe75267,False,BR,BR-16,ip,ip_df2badf9337284c5,legitima_confirmada,False
eef1704e-423a-6a24-a446-04e4ff5c59f0,subj_9abea72f8114c72b,2025-01-13T23:01:36Z,64.89,BRL,ecommerce,private_label,purchase,1,mer_21a8e331e015f211,digital,True,dev_eff960b1c3b4dfa0,True,BR,BR-26,gps,ip_514d509374f49d23,legitima_confirmada,False
894e243f-bb38-7a28-9a10-78bd135c6ca2,subj_d9243e33ba47e3df,2025-01-13T23:20:22Z,47.46,BRL,ecommerce,private_label,bill_payment,1,mer_c8cd67667ec61153,servicos,False,dev_9dc6a69d82e4b1b1,False,BR,BR-16,gps,ip_9d496d36b4ab2d3d,legitima_confirmada,False
775fa5a2-5f5d-0835-af14-2c7fce653f7c,subj_3dbbec79d0ad5524,2025-01-14T00:12:51Z,39.03,BRL,pos,credit,purchase,1,mer_27d84733decde0a5,viagem,False,dev_19c2fe8580dc8619,False,BR,BR-01,ip,ip_46ad82a08a28839e,legitima_confirmada,False
aef33280-2044-7fbd-ca43-da629bda8eb6,subj_101c58e41ce7b2a1,2025-01-14T00:21:35Z,936.4,BRL,recurring,credit,purchase,12,mer_1867b1ab824e63f5,digital,True,dev_2b029a6e1036bf71,False,BR,BR-09,gps,ip_3ac40fa0f426bd15,fraude_confirmada,True
d2de4c6d-0ede-4b3f-6a72-e17f40946f95,subj_c71ef7a6d9b9ada4,2025-01-14T02:06:04Z,197.13,BRL,ecommerce,credit,purchase,1,mer_dff155d778c4ec63,digital,True,dev_4ad97d1028c78cc3,False,BR,BR-23,gps,ip_1dd3d9aa3b928c80,legitima_confirmada,False
a61d4e2f-e230-62d7-0825-0be00fe055eb,subj_9c2b10d95ee19342,2025-01-14T02:25:34Z,139.0,BRL,ecommerce,credit,purchase,1,mer_bb0db2bbe4a060ff,servicos,False,dev_117f97a4d62f6083,False,BR,BR-21,ip,ip_9c5100e1cb547bd2,legitima_confirmada,False
75f4b94d-131b-e43b-849c-40cf89343177,subj_555ab5d6c0af9e30,2025-01-14T02:36:37Z,87.18,BRL,pos,credit,purchase,1,mer_84012bc67d756ef7,viagem,True,dev_655f61e3248782bc,False,BR,BR-16,ip,ip_80f909a49dd9a35a,legitima_confirmada,False
a57affea-0039-f898-c8ec-f76680a40695,subj_5a4ba3289e2b3882,2025-01-14T03:52:20Z,54.13,BRL,ecommerce,private_label,purchase,2,mer_76e67cda2c263331,varejo,False,dev_d6305f10cc57a08f,False,BR,BR-24,cell,ip_796d9282f4b1d2a4,legitima_confirmada,False
9e8b1622-9d7a-25e0-3d17-bbcd9c0a407b,subj_6fa2e115037b685d,2025-01-14T04:19:11Z,14.62,BRL,pos,credit,bill_payment,1,mer_41e95f0c8943a8bb,servicos,True,dev_f1651fc266c30f9a,True,BR,BR-03,ip,ip_8bac93060e4fb3ad,legitima_confirmada,False
6d7acaa1-ad7b-fb49-56d1-3642698b7052,subj_83d9942312fe5eb6,2025-01-14T04:27:03Z,91.48,BRL,ecommerce,credit,purchase,3,mer_4bc18237e170b79f,servicos,False,dev_9957f6eb8027797e,False,BR,BR-03,ip,ip_6bfc93ccaf277372,legitima_confirmada,False
260eaf14-5ec6-17b7-1dbe-69b388a96d1d,subj_33bab19ee612d62b,2025-01-14T04:42:41Z,29.0,BRL,pos,credit,purchase,1,mer_fe1694c75b2b4a75,servicos,True,dev_51b0df94169b3f0e,True,BR,BR-17,gps,ip_3de34472b9e93a91,legitima_confirmada,False
a3af70c7-6ee7-bc26-a422-2dd5ffb68003,subj_a048a29da2bd9bc2,2025-01-14T04:45:45Z,147.45,BRL,ecommerce,credit,purchase,1,mer_ddc141884e4de14f,aposta,True,dev_af6a1962e91c4c62,True,BR,BR-08,cell,ip_23ae5ce724ce1450,legitima_confirmada,False
dbaa6aa9-e5e6-3838-36d1-cdfdb41d9598,subj_2ef35a35df2daf28,2025-01-14T06:36:04Z,33.67,BRL,pos,private_label,purchase,1,mer_7402fdabd8aec050,digital,True,dev_d7060707f5b8eab0,False,BR,BR-16,gps,ip_8bf4b9038d0edef4,legitima_confirmada,False
216a7f52-5e01-02b3-fb8d-085eb0c01602,subj_27267b50f69ffe31,2025-01-14T07:27:56Z,198.12,BRL,ecommerce,credit,purchase,1,mer_a94b878e01fd742b,digital,True,dev_a201f0c4aaf273b8,True,BR,BR-04,gps,ip_be6d26d493b2e113,legitima_confirmada,False
20c00f2e-7b47-7fa4-7336-eda1e26ab526,subj_d9243e33ba47e3df,2025-01-14T07:43:02Z,75.17,BRL,ecommerce,private_label,bill_payment,6,mer_cd5ed8a077308453,servicos,False,dev_9dc6a69d82e4b1b1,False,BR,BR-16,cell,ip_3d5eb0129bbc085b,legitima_confirmada,False
0d1749d1-cc30-49e4-0089-bda55dd81294,subj_0ba2fa542b8358c8,2025-01-14T07:52:37Z,233.1,BRL,ecommerce,private_label,purchase,1,mer_e005bdf18f5c4872,digital,False,dev_864148271f5a36c7,False,BR,BR-23,gps,ip_b118a45a9f56501f,legitima_confirmada,False
5921fc9d-c492-35f0-28b1-40cc52769d13,subj_e1dfc9b1c7b3dcc0,2025-01-14T08:01:53Z,110.88,BRL,pos,credit,purchase,1,mer_cdb53327f8149805,servicos,True,dev_d167222830176c36,True,BR,BR-10,ip,ip_f81d795d808ddbae,legitima_confirmada,False
cd320520-4ea7-c9c7-9f5e-9c9d89771aed,subj_399ba9d4dbea9875,2025-01-14T08:25:48Z,42.94,BRL,ecommerce,credit,withdrawal,18,mer_5b49dfe40451e6ca,viagem,True,dev_8303532a03867e0a,True,BR,BR-22,none,ip_733bb4d76d49e74b,fraude_confirmada,True
4ce6e3dd-4c86-4f1a-7853-894fd1466609,subj_694fd04a5df60f26,2025-01-14T10:10:48Z,457.11,BRL,pos,credit,purchase,3,mer_b191407514d10965,varejo,False,dev_84d252d567c8f7e3,False,BR,BR-17,cell,ip_f30ddccbb2cabb98,legitima_confirmada,False
8621ae3d-fa9a-aef4-c9b6-6b179e53bffe,subj_1aef74118c9ebdf5,2025-01-14T11:25:04Z,71.75,BRL,wallet,private_label,purchase,1,mer_be0bc3ab60e0c77d,digital,True,dev_831a2d3ba23b57fb,True,BR,BR-15,ip,ip_83a6c39d5b02be9e,legitima_confirmada,False
9bae0703-c95b-067c-ae94-2d57b53f9a6b,subj_6b39b5e563841e4f,2025-01-14T11:43:19Z,63.59,BRL,ecommerce,private_label,subscription,1,mer_805cbd771f25b91d,digital,True,dev_412ec84d4aea48fb,False,BR,BR-14,gps,ip_a6ea0f38d2e4ec12,sem_desfecho,False
2fd8298d-81a6-8272-5ad3-13066b390702,subj_17bf3cc22ebe03b2,2025-01-14T11:45:30Z,178.53,BRL,ecommerce,credit,purchase,1,mer_b929e7bc33609272,aposta,True,dev_9d24fa6f7a140c33,True,BR,BR-19,gps,ip_47c0ce926627074f,fraude_confirmada,True
e478f5f2-e3a2-37f0-5c2b-1539b355bc98,subj_1caf1d20aadde5f1,2025-01-14T12:17:54Z,102.02,BRL,wallet,private_label,purchase,1,mer_5c720e894bf9e41f,digital,False,dev_ad9386e95e0e6cb4,True,BR,BR-08,cell,ip_7f66446ee9c35ceb,sem_desfecho,False
129a0e2f-9488-c11c-05aa-bae87e1f775c,subj_2914f78e75a72aab,2025-01-14T12:40:47Z,41.12,BRL,atm,private_label,purchase,1,mer_e25f24a259a45c0e,digital,True,dev_69bc9d56d63649c2,True,BR,BR-00,gps,ip_7cd2f831cf5096a8,legitima_confirmada,False
8b061123-69d3-fd4e-d139-bdf4e179a4c1,subj_32fa225ad9b73b04,2025-01-14T13:41:44Z,100.03,BRL,recurring,credit,purchase,3,mer_8ab6f12b488e8616,saque,True,dev_1d3d12de15ea9d57,True,BR,BR-19,none,ip_b241b8071ab4fdfb,legitima_confirmada,False
2ff60c45-c8bc-4ea6-7fd9-1faf542cec01,subj_54595d98c85b3cd5,2025-01-14T14:02:09Z,81.35,BRL,recurring,credit,bill_payment,1,mer_438a829b177213e3,varejo,True,dev_d303d01bbdca510d,True,BR,BR-21,ip,ip_87d8b0aecc4c4de4,legitima_confirmada,False
562b80f1-a132-4a21-f66e-a4fa8e152ef4,subj_88cb54c4b09ad47c,2025-01-14T14:02:23Z,212.88,BRL,atm,credit,purchase,6,mer_1b8f604f62583a7e,varejo,False,dev_abcdfa63070957f7,False,BR,BR-11,ip,ip_4e37233cad75f376,legitima_confirmada,False
18968a63-cf8e-7b49-6d37-71e131660857,subj_f7699cb9131e39f3,2025-01-14T14:35:22Z,37.84,BRL,atm,private_label,bill_payment,1,mer_538aca6099e3806d,varejo,True,dev_b767170968511d82,True,BR,BR-02,none,ip_91a5a5015eeee50d,sem_desfecho,False
1204af09-949c-6815-229a-3d69e44ac897,subj_e60ed5e282d8edc3,2025-01-14T15:33:49Z,154.54,BRL,pos,private_label,withdrawal,10,mer_5414ce5b39ebdfe5,saque,False,dev_d08832484196d037,False,BR,BR-15,ip,ip_f3651c76b20635bd,legitima_confirmada,False
aa59fa1e-5320-1c2f-0c46-66a751a25428,subj_c0e4490a5109a901,2025-01-14T16:09:37Z,90.27,BRL,ecommerce,private_label,purchase,1,mer_d478702a9d22e279,varejo,True,dev_3ac1a441478bac0c,True,BR,BR-22,cell,ip_cb27fde50dd5a4b8,legitima_confirmada,False
880394f7-cb6d-2769-06eb-3fba17edd3a1,subj_39b3f770484a3f8d,2025-01-14T19:45:40Z,89.05,BRL,pos,credit,purchase,6,mer_dee1009677862bb4,varejo,False,dev_1128d08600b201a7,False,BR,BR-21,cell,ip_9fc0e6f293be8d9b,legitima_confirmada,False
4478938d-5187-1b8f-16cb-46b996bee9a0,subj_c604e63f36596de7,2025-01-14T19:46:47Z,129.18,BRL,pos,private_label,bill_payment,3,mer_57c4cbd312ca3fec,viagem,True,dev_75c84ec3af7d884c,False,BR,BR-02,cell,ip_d38eaa2b198bcbc9,legitima_confirmada,False
36027a83-47ca-a1f4-1a63-7e1686c84ada,subj_bce7a1a4760cdb36,2025-01-14T20:09:01Z,14.09,BRL,ecommerce,credit,purchase,1,mer_a949573e93f0dd17,varejo,True,dev_7416ea05fe764ad0,True,BR,BR-26,gps,ip_49dd80152ed686eb,legitima_confirmada,False
9dfa1984-fa92-f134-b962-f5b9a725e668,subj_0b055546b8074d17,2025-01-14T20:25:04Z,82.43,BRL,wallet,credit,purchase,1,mer_e0d3d1f1b9154dcd,servicos,True,dev_0097e56c41cea28e,True,BR,BR-10,gps,ip_bd3d9d7dc0c25877,legitima_confirmada,False
6d30d8f0-4dce-b878-3453-300bb8513f35,subj_be3a8b2430050cbc,2025-01-14T20:47:32Z,200.68,BRL,ecommerce,credit,purchase,1,mer_f7570354a076fdc8,varejo,True,dev_38bb032effa5ca38,True,BR,BR-26,gps,ip_df30203a132e205c,legitima_confirmada,False
f98d1520-09d6-4e98-dc84-7687ff5f925b,subj_3030cc94a64844bc,2025-01-14T21:00:18Z,67.43,BRL,ecommerce,credit,purchase,1,mer_03e3afc4c8755d51,viagem,False,dev_b686d6041b9908a0,False,BR,BR-05,ip,ip_c9ccd4f32db1b3f1,legitima_confirmada,False
5cafad33-41a8-0d21-bc9a-3ddeaaccbefc,subj_54595d98c85b3cd5,2025-01-14T21:16:24Z,85.7,BRL,atm,credit,purchase,1,mer_18e006ea9689ac42,varejo,False,dev_e5a0ad985c55c1a9,False,BR,BR-21,gps,ip_6332aa18e9360301,legitima_confirmada,False
fe62f375-4662-df92-f6e2-be777f9f856d,subj_0300f9eb8d0bdb3c,2025-01-14T21:33:15Z,72.76,BRL,ecommerce,credit,purchase,1,mer_7cdd593eb29f6f11,varejo,True,dev_620d9b1147c88a76,True,BR,BR-14,gps,ip_f6e7919c603e2e02,legitima_confirmada,False
9b179061-96ae-c382-74e5-31f382e3b2a1,subj_95889f635d9126d9,2025-01-14T22:02:46Z,77.21,BRL,ecommerce,private_label,purchase,2,mer_32c6db9241ebdad1,servicos,True,dev_bacfcc680a2f0925,True,BR,BR-20,gps,ip_e62079f39bd724b4,sem_desfecho,False
c884ba48-6af1-3c76-077e-4c6a7529fb6b,subj_39b3f770484a3f8d,2025-01-14T22:05:06Z,37.31,BRL,pos,credit,purchase,2,mer_86a827763aa800a6,viagem,False,dev_1128d08600b201a7,False,BR,BR-21,cell,ip_95d2329cbbf038ed,legitima_confirmada,False
24cd69fc-8184-32f7-6994-19a688119aac,subj_81d0d3a75958cb7c,2025-01-14T22:09:38Z,109.41,BRL,recurring,credit,purchase,1,mer_89b5c4fbbc2f9782,saque,False,dev_5063ce72e67c05b9,False,BR,BR-09,gps,ip_729966ef132bf94c,legitima_confirmada,False
891ccc53-7598-4cd0-7c76-511a97a9682e,subj_4099b82166670172,2025-01-14T22:47:51Z,118.05,BRL,pos,private_label,purchase,2,mer_8d4dd57a5ed713d3,saque,True,dev_3b98f30ed0d1e722,True,BR,BR-06,ip,ip_4dd458db6e216fd6,legitima_confirmada,False
0bee9379-e598-6c0d-0763-78e094e38299,subj_9919a7f0f672808d,2025-01-14T23:53:28Z,51.48,BRL,recurring,credit,purchase,2,mer_016e327ac2afded8,servicos,True,dev_479835a91bf34427,False,BR,BR-07,gps,ip_980d5f1696e1552f,legitima_confirmada,False
989d9b6b-8b88-1959-d4bb-fd0f3952c5c2,subj_f55603ae5b434173,2025-01-15T00:15:44Z,86.82,BRL,ecommerce,credit,bill_payment,1,mer_5130783e76528e64,servicos,True,dev_f12fbd568d5a28ea,True,BR,BR-16,gps,ip_28754a04dda66f95,legitima_confirmada,False
cf8a1731-671b-dae0-fc85-4e93ab758375,subj_142faf3dad52db95,2025-01-15T01:00:58Z,96.3,BRL,pos,private_label,purchase,1,mer_53138d39b1127f3c,varejo,True,dev_d08a836039b50a13,True,BR,BR-01,gps,ip_c415f04c5e1e867f,legitima_confirmada,False
9b5bd873-c370-14ba-c538-7159e3591385,subj_17bf3cc22ebe03b2,2025-01-15T01:01:47Z,84.62,BRL,ecommerce,credit,purchase,1,mer_a60665a3312d5e64,digital,True,dev_31b1a4119847d9c9,False,BR,BR-19,cell,ip_eb7daf21304d5612,legitima_confirmada,False
ef14606e-fe42-ab41-111b-cc8daa9f061e,subj_fbb1eedf9b242199,2025-01-15T01:37:02Z,93.95,BRL,ecommerce,credit,purchase,1,mer_b2f23fb140eaa4db,varejo,False,dev_fa1af6fd14c53593,False,BR,BR-02,ip,ip_f533dd93414d21bb,legitima_confirmada,False
5fff2ca5-8c59-2850-9039-57777884a6e9,subj_553371e438fd6969,2025-01-15T01:59:04Z,429.88,BRL,ecommerce,credit,bill_payment,1,mer_bb4068484b73d8d1,servicos,False,dev_1fd1e0ea4d4815a3,True,BR,BR-23,gps,ip_0cb0b7a7678f4246,legitima_confirmada,False
bc239010-73fe-9cc4-7f12-e8a984bc750f,subj_593d93fa309b3e45,2025-01-15T02:16:33Z,94.31,BRL,recurring,credit,purchase,1,mer_61f4c7727a4a0418,varejo,True,dev_b4a58b2336f28227,True,BR,BR-17,gps,ip_ab00550743cb7745,legitima_confirmada,False
82fe1126-0eff-70e1-e0db-7da5be68a6c6,subj_f400a26830d838d0,2025-01-15T02:59:52Z,217.34,BRL,ecommerce,credit,purchase,1,mer_b0a3605f6f7a0519,varejo,True,dev_22137a65c21e3fea,False,BR,BR-03,ip,ip_bb6cd8c66291a91f,legitima_confirmada,False
328810bd-aa66-601a-99bb-df8255dac81c,subj_82c08ce4d2ec29df,2025-01-15T04:22:21Z,860.03,BRL,pos,credit,purchase,1,mer_97bf25ea2565eead,digital,True,dev_da8625ed34c569d9,True,BR,BR-15,gps,ip_3abf49a12601fdcf,fraude_confirmada,True
2d974b76-a739-0a39-e1ba-7e2b8a379fc2,subj_81036de0af432965,2025-01-15T04:42:47Z,19.34,BRL,pos,credit,purchase,1,mer_1cfab0e0b45acc1f,varejo,True,dev_59d99668b8d3aaeb,False,BR,BR-24,cell,ip_26921d47791c6d38,legitima_confirmada,False
10127d54-32ba-e05e-e97b-067f8eb33baf,subj_e4c60a390cfe4e07,2025-01-15T05:44:12Z,120.74,BRL,pos,credit,purchase,3,mer_e891069359f8bfc6,servicos,True,dev_0e4926444269e9f4,True,BR,BR-24,cell,ip_147a15e67543d48d,legitima_confirmada,False
58358e8e-ca0a-3773-5ff8-4a7005dab936,subj_7caf08c2edf2d0cc,2025-01-15T06:31:29Z,253.94,BRL,recurring,credit,purchase,2,mer_fc9a1f1b0ef188d3,digital,True,dev_39a4af4c67aa5394,True,BR,BR-14,cell,ip_7d57b71ac5460f3f,legitima_confirmada,False
a2d85316-9397-565f-6c00-3eef933f1126,subj_b654b48c2091322f,2025-01-15T06:32:53Z,54.86,BRL,recurring,private_label,purchase,1,mer_dac680a509330728,saque,False,dev_eeea5799930dca09,False,BR,BR-24,gps,ip_55b9d01f4c1df818,legitima_confirmada,False
4a24ec4d-43f0-c7f6-22e8-87eee102fe26,subj_1aef74118c9ebdf5,2025-01-15T08:00:40Z,87.0,BRL,ecommerce,private_label,purchase,6,mer_dfd1f51673b77da4,varejo,True,dev_e793bb87cfa215e7,False,BR,BR-15,gps,ip_155ea4ad6d7103f9,legitima_confirmada,False
cb928fdf-9345-2861-c570-69cd6e2a289f,subj_54595d98c85b3cd5,2025-01-15T08:23:31Z,183.37,BRL,recurring,credit,bill_payment,1,mer_32cfbd8ece67a36a,digital,False,dev_e5a0ad985c55c1a9,False,BR,BR-21,ip,ip_0741abaf0d149132,legitima_confirmada,False
74afec5e-96c9-9dfd-780e-af532235782e,subj_f55603ae5b434173,2025-01-15T09:27:16Z,88.27,BRL,ecommerce,credit,purchase,1,mer_40666fe48d41e652,servicos,False,dev_50096b673aae2a2c,False,BR,BR-16,cell,ip_05c17715f39dad35,legitima_confirmada,False
cefa196e-ab02-3ff0-bc9c-91ec840d5782,subj_1f6d7773bf5b4513,2025-01-15T10:03:29Z,241.23,BRL,wallet,credit,bill_payment,1,mer_53a0b843a3cef949,varejo,False,dev_543d8a5d85840508,False,BR,BR-19,gps,ip_299468ae6d7edf4f,legitima_confirmada,False
09f63d0a-a709-d0d5-aac1-3bdc4c0ef9cf,subj_cd76ba71c852f4d1,2025-01-15T10:16:00Z,35.16,BRL,ecommerce,credit,purchase,1,mer_71227c24e7178ce5,varejo,True,dev_32bea9e9510c3c9a,True,BR,BR-09,ip,ip_d03da0a835c872c3,legitima_confirmada,False
5c6241b6-fb24-947f-93bf-8b53a6983142,subj_3153aa09a67b62e9,2025-01-15T11:10:00Z,150.82,BRL,ecommerce,credit,purchase,6,mer_9d2f236266003766,varejo,True,dev_4527f0860a6ab62c,True,BR,BR-25,gps,ip_3200463a6e668bcf,legitima_confirmada,False
33a365f0-fae8-224a-f373-b5104d17495d,subj_613d6ec4751e8cc8,2025-01-15T11:14:03Z,139.68,BRL,pos,credit,purchase,1,mer_fa0344233c1f7c33,digital,True,dev_0878d0e863260f21,True,BR,BR-12,gps,ip_6291c116ccb8e9cc,legitima_confirmada,False
81641489-69ac-1686-e79d-0a85464df3ca,subj_59fc1692e2ba39ff,2025-01-15T12:20:40Z,344.43,BRL,atm,credit,purchase,6,mer_85dd0f01c000b423,varejo,True,dev_4ed21b6be8faec33,True,BR,BR-03,ip,ip_99bab224d8b47e23,sem_desfecho,False
21aabe94-3eea-e671-f41e-3322085d5900,subj_a3573a220334778a,2025-01-15T12:44:25Z,31.19,BRL,pos,private_label,bill_payment,1,mer_46907e0dd8789c9e,varejo,False,dev_fc5dde2cbe448801,False,BR,BR-19,cell,ip_90a9043a1ca80c83,legitima_confirmada,False
7c5d7a5f-586e-e3fa-1b40-509011713b36,subj_6a2a667a7b89efef,2025-01-15T14:07:16Z,359.33,BRL,wallet,credit,purchase,6,mer_c28f66ff0fd93383,digital,False,dev_ab87be91d7f3aeb9,False,BR,BR-24,cell,ip_eba9c6c9c581583a,legitima_confirmada,False
2e92cd6c-8cc0-7697-e373-353775458925,subj_3fef7009c809015c,2025-01-15T14:11:16Z,331.04,BRL,ecommerce,credit,purchase,1,mer_2eeb618c710eb2e6,varejo,True,dev_9d121e3879e082cc,False,BR,BR-16,gps,ip_73b34815b1877952,legitima_confirmada,False
69db7b4e-fa0a-dbb7-e391-0e91a74abb98,subj_4ac389c2fe7bc5c4,2025-01-15T15:01:34Z,79.1,BRL,pos,credit,withdrawal,1,mer_2bb93c1fd3b7bddd,varejo,True,dev_7962742fddd28b70,True,BR,BR-05,gps,ip_adfbd1cb7821be12,legitima_confirmada,False
c566ad95-4ee1-343a-462a-b2697eec38c3,subj_03fb1620711f50e5,2025-01-15T15:03:31Z,51.21,BRL,wallet,credit,purchase,6,mer_74f1b447b43f409d,varejo,True,dev_479167fe671ce2ed,True,BR,BR-09,ip,ip_c21e3beec10b5845,legitima_confirmada,False
71bbc095-f65d-41b9-de39-26d2028d55c3,subj_f300fa996c950be5,2025-01-15T15:20:38Z,35.08,BRL,recurring,private_label,purchase,3,mer_2207555c8b74b73a,varejo,True,dev_ec17d80d9f8fda26,True,BR,BR-11,none,ip_2c83e70d545ab128,legitima_confirmada,False
733d2f3e-a695-c5ed-eca6-fdc16496900a,subj_03234addb5bc4322,2025-01-15T15:23:30Z,304.27,BRL,pos,private_label,purchase,1,mer_9619669730e5e8ef,varejo,True,dev_32e85502f07dd9ab,True,BR,BR-02,gps,ip_42d3565d1345a215,legitima_confirmada,False
b063f4e5-76d0-e7d4-ed98-7048703dd09d,subj_58a572aadc11b1f7,2025-01-15T15:26:54Z,104.96,BRL,ecommerce,private_label,purchase,1,mer_e6c7fc34d526c0ef,servicos,False,dev_9f8a2ef5ff7d8e15,False,BR,BR-15,gps,ip_87400805c559ca6d,legitima_confirmada,False
23d83d94-66f2-10b0-c875-2e7e69d0e46f,subj_6a2a667a7b89efef,2025-01-15T16:21:47Z,170.52,BRL,ecommerce,credit,purchase,3,mer_aba80319baf435d0,varejo,False,dev_ab87be91d7f3aeb9,False,BR,BR-24,cell,ip_d7ef1e951d8abde7,legitima_confirmada,False
61eff2f7-efb9-11d0-e0dd-77d819193cce,subj_0595552d6476c750,2025-01-15T17:01:03Z,77.71,BRL,pos,credit,subscription,1,mer_5e2a13ba1302e4df,varejo,True,dev_42d18825ffe75267,False,BR,BR-16,gps,ip_e6cb8b95dfb5428f,legitima_confirmada,False
eb16b171-980c-e8f7-bcb8-7344659f179f,subj_ba18c399233a7bb9,2025-01-15T17:06:14Z,151.01,BRL,atm,credit,purchase,3,mer_a2d2ec15aec2c439,varejo,True,dev_5142f8ff92b76c76,True,BR,BR-18,gps,ip_4ebd5fb8e77d6779,legitima_confirmada,False
37624672-cada-341b-3bb7-e93fb1eef165,subj_edb64a06822633e4,2025-01-15T17:17:24Z,138.91,BRL,recurring,private_label,purchase,2,mer_528a55c3a80392cc,viagem,True,dev_838b6b1371d10081,True,BR,BR-01,gps,ip_9012c49450dfa9af,legitima_confirmada,False
5f447954-bc3f-c1e9-3efa-57b39e91de8b,subj_082109217d9d08e3,2025-01-15T17:45:43Z,356.28,BRL,atm,credit,withdrawal,12,mer_a3fae8491a10c33f,servicos,True,dev_294af0d7ed0fc6f5,True,BR,BR-19,none,ip_137b9eebb39a5ad5,em_disputa,True
07ad65dc-516a-f7a2-2875-2225be3cad9c,subj_3030cc94a64844bc,2025-01-15T17:59:39Z,59.62,BRL,ecommerce,credit,purchase,2,mer_3ecfb2f3b10aa739,varejo,False,dev_b686d6041b9908a0,False,BR,BR-05,cell,ip_63f466cc4661d52d,legitima_confirmada,False
48efe0a0-a716-082c-0f28-91f2c80a7d60,subj_95889f635d9126d9,2025-01-15T18:21:13Z,179.7,BRL,ecommerce,private_label,purchase,2,mer_d5001ece48057a57,varejo,False,dev_a33179e3fe31932f,False,BR,BR-20,gps,ip_cb2152654dc389fa,legitima_confirmada,False
2afe2d86-b913-f5fe-2bbc-bb69c5420050,subj_1efd45ea891db54e,2025-01-15T19:41:10Z,47.03,BRL,atm,credit,purchase,2,mer_23d146b3b4189162,varejo,True,dev_aa75acc6f5a5271e,True,BR,BR-05,gps,ip_370664c815e40040,legitima_confirmada,False
6693db24-84a9-f4d0-ea10-f60f7977f49a,subj_8187b8f699939aa7,2025-01-15T19:53:40Z,137.35,BRL,wallet,credit,purchase,2,mer_bb6c934f2278ae9c,varejo,True,dev_05d5dc1c4291adc2,True,BR,BR-04,cell,ip_f3219f7ccbc13797,legitima_confirmada,False
5dff50e6-41bc-1548-729e-df26bcf29d79,subj_f53f4323081dbe8b,2025-01-15T20:00:57Z,53.3,BRL,ecommerce,private_label,purchase,1,mer_6511aa6c60212325,varejo,True,dev_04763d379b4d42a5,True,BR,BR-13,gps,ip_c5b9636d7cd5408b,legitima_confirmada,False
be5dc3af-ec25-433a-b5c4-2da971734458,subj_9abea72f8114c72b,2025-01-15T20:39:52Z,52.85,BRL,ecommerce,private_label,withdrawal,1,mer_e5eba6487fbb748f,digital,False,dev_999d6a8ff727cab4,False,BR,BR-23,cell,ip_f0d1a192eebf57f4,sem_desfecho,False
0bc73fec-5d7b-ae82-1c53-14b51acbac63,subj_83d9942312fe5eb6,2025-01-15T21:09:36Z,173.13,BRL,ecommerce,credit,purchase,2,mer_f62f65804cc1c21e,saque,False,dev_9957f6eb8027797e,False,BR,BR-03,ip,ip_3c50677de509d95e,legitima_confirmada,False
356198d9-38a2-a554-8395-473b601cefa2,subj_08269fc4d9f31df5,2025-01-15T21:24:22Z,84.43,BRL,pos,credit,bill_payment,1,mer_4be534298de6acc2,digital,True,dev_472108f636bfc760,True,BR,BR-15,gps,ip_b074cc278a182842,legitima_confirmada,False
b59ebcdc-d2ea-a37a-2145-d431b8ee00bb,subj_979053d2da3bb20b,2025-01-15T21:43:27Z,14.64,BRL,pos,credit,purchase,1,mer_31cb7e212a82ae76,servicos,True,dev_a9c50020f9e571a9,True,BR,BR-22,gps,ip_7546e4060c9597ca,sem_desfecho,False
96a8a23f-3b79-cf18-47fb-4eec0c25cf7f,subj_a401ab8df8819052,2025-01-15T21:44:13Z,104.67,BRL,pos,credit,bill_payment,3,mer_b37c5bf6cdc2179e,servicos,True,dev_4df51958ccf91a11,True,BR,BR-24,gps,ip_f388f2c72c8f6b92,legitima_confirmada,False
cfde654a-348f-9908-f149-d247203785ad,subj_dc26d593d15d68e6,2025-01-15T22:11:38Z,147.26,BRL,wallet,credit,purchase,1,mer_2376c68f9389a2fd,varejo,True,dev_6537db85e3e3ab2d,True,BR,BR-24,ip,ip_2b1251cefbbe5c0c,legitima_confirmada,False
f7b2d15b-617a-96aa-a0df-66ffb6e5fc78,subj_dacfaaf29c584af0,2025-01-15T23:05:06Z,50.78,BRL,wallet,private_label,purchase,3,mer_c48fa29307d5d639,varejo,False,dev_d80804ea433f59a2,False,BR,BR-12,cell,ip_08680a9e0b5b5dbc,legitima_confirmada,False
64cb94de-66b0-1fed-4e0d-051967d0386d,subj_fbcb28d9a65626cb,2025-01-16T00:02:15Z,234.48,BRL,pos,credit,purchase,1,mer_2484721afe6eac6c,varejo,True,dev_936e6c9dad649334,True,BR,BR-01,gps,ip_359e7d4b0ab49e4e,legitima_confirmada,False
ddf897fb-1697-f3ad-a40e-e74b486cdad3,subj_77162d180ec37388,2025-01-16T00:57:40Z,318.22,BRL,wallet,credit,purchase,1,mer_ee4aec0eceb64218,varejo,True,dev_4d983680bc45bb78,True,BR,BR-19,ip,ip_f8731068eabdc715,legitima_confirmada,False
5f39acea-c56a-285f-11e5-349a2827a619,subj_399ba9d4dbea9875,2025-01-16T00:59:35Z,53.36,BRL,ecommerce,credit,withdrawal,1,mer_f97da81db270f1d1,servicos,True,dev_7019e4c5331c1333,False,BR,BR-22,gps,ip_4b04c220545c1bb6,legitima_confirmada,False
a9035036-9f56-316c-64a3-d97bc267ddce,subj_728d7cb8c1cec617,2025-01-16T01:00:43Z,81.64,BRL,pos,credit,bill_payment,1,mer_b8e581a6494cb17f,viagem,False,dev_78566f25fcecb076,False,BR,BR-01,gps,ip_db47c80603de1a3d,legitima_confirmada,False
6d245500-741f-c91d-329e-f386e1115de4,subj_03234addb5bc4322,2025-01-16T01:11:52Z,112.59,BRL,pos,private_label,subscription,1,mer_93d1647e8157e672,digital,False,dev_d4af5ce264be8334,False,BR,BR-02,cell,ip_5d7ee3ae022fdf35,legitima_confirmada,False
402fce7f-9f89-2ac4-2119-bd375f284aa4,subj_100d2e31ba8cec1e,2025-01-16T01:27:33Z,165.58,BRL,pos,credit,bill_payment,1,mer_2f6fe0889beb76d8,varejo,True,dev_01f02899802dc8ea,True,BR,BR-05,cell,ip_2f96f237eda3bcff,legitima_confirmada,False
a32508a0-8f01-91b8-fb25-ef251675756a,subj_a401ab8df8819052,2025-01-16T02:03:59Z,252.02,BRL,pos,credit,purchase,1,mer_8c0b1238e6f767c5,digital,False,dev_715f0ab80a73df79,True,BR,BR-24,ip,ip_582b218d302657e4,legitima_confirmada,False
95405a30-ebf0-51a2-3c24-9adb380d87b2,subj_8ac0fc2091bf337d,2025-01-16T02:15:15Z,40.0,BRL,pos,private_label,purchase,1,mer_3dacc7354fe5a2fb,digital,True,dev_3519bac7593b55de,True,BR,BR-05,gps,ip_4dc322d0de63614f,legitima_confirmada,False
05c91112-d0ed-4fdd-5aa9-5f4113f71816,subj_ed26cb707ed04df0,2025-01-16T02:39:50Z,109.94,BRL,ecommerce,credit,bill_payment,3,mer_b4d00b292b8d30b8,digital,True,dev_8d1116fff7141db0,True,BR,BR-05,gps,ip_69fd599af78add93,legitima_confirmada,False
6a3067c8-3d81-0734-4d99-dc30ee05aeaa,subj_d939d91537778f09,2025-01-16T02:52:39Z,240.32,BRL,ecommerce,credit,withdrawal,12,mer_adae6c15f3210246,viagem,True,dev_0345b6b6ea6b686f,True,BR,BR-19,gps,ip_fbd54bfaa3e1c4ee,fraude_confirmada,True
55cf3796-3fc1-c462-b0e0-2f93cd0a3e98,subj_7d2f973557b04eb7,2025-01-16T03:44:00Z,227.98,BRL,pos,credit,purchase,1,mer_68d668dcbcf44bf0,digital,True,dev_4b23e8d0e37b2d02,True,BR,BR-00,gps,ip_177a7168123b82a1,legitima_confirmada,False
6954e721-57c9-3ce2-46aa-3931837adaa0,subj_ecaa30e26dac390b,2025-01-16T04:12:26Z,118.91,BRL,wallet,credit,withdrawal,1,mer_e007b90886d0abe3,digital,True,dev_d54b773e868394e8,True,BR,BR-11,gps,ip_180e4ee3e6cfab6d,fraude_confirmada,True
f6fbc103-a6bc-3f3a-a98e-f7728ac0c5f4,subj_ac854e2c868f0884,2025-01-16T05:24:59Z,407.45,BRL,ecommerce,credit,purchase,6,mer_800d84922c478f35,digital,True,dev_8aeff194a16e95e5,True,BR,BR-15,cell,ip_c006d283625a666b,sem_desfecho,False
f370d50c-ab78-5560-8cc1-ee6b89ade3da,subj_4afde3be46c7d1ec,2025-01-16T05:56:32Z,104.74,BRL,wallet,private_label,purchase,1,mer_cbdb5db9f7e0aa25,varejo,False,dev_1c53a55abec8ae0e,False,BR,BR-09,gps,ip_75a796233d3549ce,legitima_confirmada,False
9fa7db05-f1dd-6093-46bd-ce43e9187995,subj_7200a1019b646105,2025-01-16T06:25:39Z,75.1,BRL,pos,private_label,subscription,1,mer_a85c0e8a4234f44d,digital,False,dev_4c85e7a1c15c771b,False,BR,BR-19,gps,ip_598975b1463b6e8e,legitima_confirmada,False
3b27c806-bd0b-118c-a0ac-4a7e83711bbb,subj_a87838f7139eff0f,2025-01-16T07:17:37Z,91.7,BRL,pos,credit,purchase,1,mer_36cd52ad987b3d52,servicos,False,dev_c4b190fed6b455bd,False,BR,BR-18,gps,ip_445561a3941a4f82,legitima_confirmada,False
cc605132-569a-bc0c-98f1-9cb0a35304f5,subj_7023183f15d367e8,2025-01-16T08:44:26Z,95.19,BRL,pos,credit,purchase,1,mer_584efff7c265b4c2,servicos,True,dev_de44cb1690ebd17a,True,BR,BR-02,cell,ip_db24dd1f26c7eab4,legitima_confirmada,False
949bc550-d715-5727-7b03-f9afa020083a,subj_1b4da9c8fa94282d,2025-01-16T09:56:02Z,357.84,BRL,ecommerce,credit,purchase,1,mer_f843046b77ac613a,varejo,True,dev_9f1b150ae6cce42c,True,BR,BR-09,cell,ip_cacad3b3812eb84a,legitima_confirmada,False
d2c7d171-c632-3c42-73d7-da03e98d371e,subj_39b3f770484a3f8d,2025-01-16T09:59:53Z,162.31,BRL,pos,credit,bill_payment,1,mer_92281224cb72bd34,viagem,True,dev_1128d08600b201a7,False,BR,BR-21,gps,ip_d458f0451f635d03,legitima_confirmada,False
e7e30448-ef73-8d68-e551-cf367e79c0e5,subj_cd4e114e9db2f844,2025-01-16T10:06:52Z,116.7,BRL,ecommerce,credit,withdrawal,1,mer_17e68ddae05ede06,varejo,True,dev_ab29b82c1d2b35c8,True,BR,BR-01,cell,ip_72027443244d0b6e,legitima_confirmada,False
850bd624-000f-ae7c-a06d-93690c6cc9c0,subj_2863e4720712289a,2025-01-16T10:22:50Z,129.84,BRL,recurring,credit,bill_payment,6,mer_0cfb6c4d89d25022,varejo,True,dev_0a986ae3e51214e7,True,BR,BR-24,ip,ip_24b74178f8add9a5,legitima_confirmada,False
b3ad4621-f150-2666-3c04-8046249aef22,subj_2701859f60bc1a57,2025-01-16T11:23:08Z,39.13,BRL,ecommerce,private_label,purchase,1,mer_6880d050d6df7c1a,varejo,True,dev_31473ec3056cf180,True,BR,BR-16,ip,ip_8a4f58589f475a36,legitima_confirmada,False
35655596-ba14-1c7a-2d65-397e8451ce9d,subj_4099b82166670172,2025-01-16T11:27:29Z,23.89,BRL,pos,private_label,bill_payment,1,mer_27f3c5009dff0226,viagem,True,dev_8d0a8750db5ccab5,True,BR,BR-10,ip,ip_fc03f94406373d6b,legitima_confirmada,False
993f3657-33b7-1f67-283d-b7c6bafcca5a,subj_5b3d9b4571d84f2b,2025-01-16T11:31:07Z,96.62,BRL,ecommerce,credit,purchase,1,mer_b838f25ddffc8fc0,varejo,True,dev_632f8ae3da925d41,True,BR,BR-04,cell,ip_7af89dc198452dea,legitima_confirmada,False
d8a913bd-b6a6-eab5-9d9d-9f168e3d300a,subj_2f1b9e02e438ea23,2025-01-16T11:31:10Z,63.42,BRL,pos,credit,purchase,3,mer_71d12dfa7937edfa,viagem,False,dev_0a9f455f8b6b77ee,False,BR,BR-01,gps,ip_251ab18d0948fb3a,legitima_confirmada,False
86732dbb-c369-21bd-02b1-e7c73b7a5469,subj_1044f0e1b49b8e99,2025-01-16T11:51:09Z,118.58,BRL,ecommerce,credit,purchase,1,mer_ff0aa006c0290c3a,servicos,True,dev_9efeaa839202db02,True,BR,BR-26,ip,ip_7ec54afeab551d86,legitima_confirmada,False
0698d372-7610-f21c-02ab-318dcabf72ef,subj_369cf852af8d0738,2025-01-16T12:12:56Z,108.67,BRL,ecommerce,credit,purchase,1,mer_ec88a1c994fab15c,servicos,True,dev_03eb6abfefd46cd0,True,BR,BR-22,none,ip_a0e11fe773a2e831,legitima_confirmada,False
f59f8c66-7a86-946b-101f-9fa20038f3e5,subj_5385bfcb8103bdf5,2025-01-16T12:58:20Z,64.35,BRL,recurring,credit,subscription,1,mer_42e4dcf47ff64c0c,varejo,True,dev_5d2c4dcc299f9402,False,BR,BR-25,none,ip_5d58d83c4d4543ac,legitima_confirmada,False
b0382709-3cc4-632d-bf2f-24661dcc19a2,subj_415037d9b8c4f242,2025-01-16T14:03:17Z,44.63,BRL,pos,credit,subscription,3,mer_e4b6488811442f56,varejo,True,dev_e65aa5767fb69c19,True,BR,BR-06,cell,ip_9dcffb43a03ea358,legitima_confirmada,False
7da9c140-0aba-1586-c7e2-5710671a765f,subj_a343ba08e51b0163,2025-01-16T14:28:39Z,12.06,BRL,ecommerce,private_label,purchase,1,mer_44c82a23cf3ebcca,servicos,False,dev_d70ec915b42c0597,False,BR,BR-01,cell,ip_6cf6d34e7db79923,legitima_confirmada,False
81b78bdb-4503-ea65-b5ff-db15056d8b7c,subj_066036d4266b7a65,2025-01-16T14:40:32Z,104.34,BRL,atm,credit,bill_payment,2,mer_bc78e86e1ef3d84b,servicos,True,dev_2c0adc0f1b2df10b,True,BR,BR-15,cell,ip_66f605dba5651e00,legitima_confirmada,False
de7b2649-03e0-a446-82f3-cd2677b39115,subj_c71ef7a6d9b9ada4,2025-01-16T14:43:02Z,101.7,BRL,atm,credit,purchase,3,mer_17db371b2cbc960b,varejo,False,dev_4ad97d1028c78cc3,False,BR,BR-14,cell,ip_2e5ee0df163b1f22,legitima_confirmada,False
c3acd6cd-1c11-25ca-55f9-25cb34743b7a,subj_4099b82166670172,2025-01-16T14:58:35Z,56.23,BRL,pos,private_label,purchase,1,mer_1f8c1765dbaa45fa,saque,False,dev_012871e24cd27c58,False,BR,BR-06,gps,ip_a975423b29712a38,legitima_confirmada,False
bca05bb0-2f63-0925-57a2-a6bc2fe5a296,subj_1931d091094398bb,2025-01-16T15:17:56Z,139.06,BRL,wallet,credit,purchase,1,mer_f7311d5e52b30327,servicos,False,dev_6cb915bf6b3c8b21,False,BR,BR-21,none,ip_dc3535c59050249d,legitima_confirmada,False
8116a08f-3b5e-aa6a-49d0-36802f2bc2e0,subj_979053d2da3bb20b,2025-01-16T16:13:13Z,12.9,BRL,pos,credit,purchase,2,mer_169fb71e51fb35aa,digital,False,dev_050edf9649ff1466,False,BR,BR-14,cell,ip_4f8d0f8f97d59c5b,legitima_confirmada,False
1cb4b2e6-2daf-5edd-9050-2944a9866fb0,subj_d5776426305a7ba6,2025-01-16T16:44:29Z,188.44,BRL,wallet,credit,purchase,1,mer_0760d8fe89d3b97e,digital,True,dev_dd5f7019dd7fab66,False,BR,BR-23,gps,ip_990b8888fe841686,legitima_confirmada,False
a6545ab1-bb88-ce67-43e9-c51c992767bb,subj_32fa225ad9b73b04,2025-01-16T17:07:19Z,201.73,BRL,recurring,credit,subscription,2,mer_c7839b1d6f0e29f9,varejo,False,dev_1b6cb55b5c752def,False,BR,BR-19,none,ip_4b01d0c0ac93a33a,legitima_confirmada,False
646bac10-a1de-0fb6-e341-376ebba05f49,subj_313ed7191886aa25,2025-01-16T18:04:04Z,119.9,BRL,pos,credit,purchase,3,mer_d64366cee3c33ab0,varejo,True,dev_c81882e1a99e3269,False,BR,BR-16,gps,ip_14e77d9548f7d19e,legitima_confirmada,False
b0da74a4-bd3d-a950-cca5-aef63d0b54be,subj_9aa85198c90b5fe0,2025-01-16T18:29:05Z,341.43,BRL,ecommerce,credit,purchase,1,mer_9b931e625c71d9b6,varejo,False,dev_7afe60fc4a4c2592,False,BR,BR-00,cell,ip_135cb11c521373e4,legitima_confirmada,False
1d660ffd-7da6-6bfa-0f4d-372b50ce13c3,subj_d586c603b1baea0b,2025-01-16T18:50:44Z,136.03,BRL,pos,credit,purchase,6,mer_dd5abb772793def3,viagem,True,dev_e1113a65c064d43d,True,BR,BR-06,ip,ip_df8d96079e35c23e,sem_desfecho,False
d56830a2-ae40-0ee9-7152-464ec4868418,subj_ed26cb707ed04df0,2025-01-16T19:46:49Z,142.58,BRL,ecommerce,credit,bill_payment,1,mer_a78b384860d59c22,varejo,False,dev_1ec26b8d511dad78,False,BR,BR-05,ip,ip_d85f2c647941f6d0,legitima_confirmada,False
826b3e92-54cd-93bf-e64a-c51adf18dff9,subj_f32fbb9c3a65ba6f,2025-01-16T20:02:03Z,80.03,BRL,recurring,private_label,purchase,3,mer_f456e355f3fae8b6,varejo,False,dev_8a6575ad30e737ba,False,BR,BR-02,ip,ip_91832136e878d7ce,legitima_confirmada,False
865dd30b-5741-ebff-52eb-41c36f18022b,subj_3e335125c4ae9061,2025-01-16T21:02:34Z,51.23,BRL,wallet,credit,subscription,3,mer_4715ebe4566d93ff,varejo,True,dev_549dae9f0c4f8d30,True,BR,BR-03,gps,ip_ea6016cf4843196a,sem_desfecho,False
560ce831-d02e-2f15-8f1d-511ffc6090b0,subj_60f830595fc1c198,2025-01-16T21:08:33Z,122.5,BRL,pos,credit,subscription,10,mer_58b4ef0bd4db9636,varejo,True,dev_dd63f6b59339a75c,True,BR,BR-03,gps,ip_cbc6e5282d39f361,legitima_confirmada,False
5247387f-a718-74a4-d84e-be134cb902f5,subj_4dc0bbc5043c9eef,2025-01-16T22:13:51Z,441.2,BRL,pos,credit,purchase,2,mer_6562d45d47abb6b1,varejo,True,dev_2585cd69246957db,False,BR,BR-19,gps,ip_e19a4ddac160c6f3,legitima_confirmada,False
177f0610-b5cc-3306-c9fa-d65bb0b186b8,subj_e3d28f5c721ad6db,2025-01-16T23:04:59Z,153.14,BRL,ecommerce,private_label,purchase,1,mer_b2bcac5ffe25c54a,viagem,True,dev_aa67e89c7f49bb53,True,BR,BR-11,gps,ip_ba766de913a36484,legitima_confirmada,False
cfc5689c-1a03-7a1e-cac8-6868f5e95020,subj_42cfcd52325aa6a5,2025-01-16T23:52:40Z,732.86,BRL,ecommerce,credit,withdrawal,1,mer_b6bb7d852e34e229,varejo,True,dev_962f20e92ab866ba,True,BR,BR-07,gps,ip_bf85b48e864addd9,fraude_confirmada,True
5993ee0f-20d0-7c95-6252-8b43c9f0fc43,subj_69a31b7a5fc8467c,2025-01-17T00:01:10Z,51.49,BRL,atm,credit,purchase,3,mer_a8fb0424a31c402f,varejo,True,dev_3aab7ae4b023e644,True,BR,BR-08,gps,ip_0ae8ae6031309e3b,legitima_confirmada,False
794aa09d-a38a-3de1-eff6-4d8afcde658a,subj_70e4301e0c3d457c,2025-01-17T00:27:51Z,124.69,BRL,recurring,credit,purchase,12,mer_8b7cdca3a955bb65,servicos,True,dev_c74b8ccc9981c6d8,True,BR,BR-09,gps,ip_200f67a16c6902ca,fraude_confirmada,True
cd28cb5b-63d4-463b-cece-f191eb8be7d6,subj_f32fbb9c3a65ba6f,2025-01-17T01:41:03Z,104.23,BRL,recurring,private_label,withdrawal,2,mer_708c3bae39d6dc9e,digital,False,dev_8a6575ad30e737ba,False,BR,BR-02,gps,ip_e310941a5b12d803,legitima_confirmada,False
df80446b-e2bc-2167-03e2-7d9729a1c46c,subj_16b72ccae081cfc9,2025-01-17T02:11:06Z,132.43,BRL,recurring,credit,purchase,1,mer_e6b71efcdc26fe08,varejo,True,dev_bfaf90619efa2cf2,True,BR,BR-18,cell,ip_5c24f3e5e4b836e7,legitima_confirmada,False
b71ba088-fa89-62d7-b374-46e069dc6879,subj_0c366c48bb772464,2025-01-17T02:55:27Z,73.78,BRL,recurring,credit,bill_payment,3,mer_800567540074d591,servicos,False,dev_613400c42cefab75,False,BR,BR-01,gps,ip_e9b016a1506b154f,sem_desfecho,False
3f244191-d737-2fef-7242-bca591a37a2f,subj_c604e63f36596de7,2025-01-17T03:37:14Z,276.92,BRL,pos,private_label,withdrawal,1,mer_a38e46978c568ebc,saque,True,dev_75c84ec3af7d884c,False,BR,BR-02,gps,ip_12e68cb12b53fa6c,fraude_confirmada,True
ee95e47f-d52d-6656-bff4-cbde1fcf51df,subj_d91d6c13b116b68f,2025-01-17T03:42:04Z,36.11,BRL,pos,private_label,bill_payment,3,mer_a96152a95d9e95e9,viagem,False,dev_4aebf5fa10c55751,False,BR,BR-14,none,ip_ec473e008ae647c6,legitima_confirmada,False
97a3b246-145e-25f9-4ab7-005f1c23b580,subj_fc2f384872babae4,2025-01-17T03:58:10Z,41.93,BRL,atm,credit,withdrawal,6,mer_7b78c2e6bece2588,servicos,True,dev_2bd69a760e384f5e,True,BR,BR-04,cell,ip_886ec68a1429fb5d,legitima_confirmada,False
4a3534d5-0a52-a9f5-2d4d-6b5ea7ae767e,subj_9b8c0f1e9648b802,2025-01-17T04:29:34Z,50.61,BRL,recurring,credit,purchase,1,mer_240d6704fd10608f,saque,True,dev_6da69f89be5731e4,True,BR,BR-04,cell,ip_22f79d2111306a03,em_disputa,True
c0b2220e-ae67-65ec-af6a-3623926ccef5,subj_605a1f951bc650b7,2025-01-17T04:55:08Z,55.95,BRL,pos,credit,purchase,6,mer_dc9adf9ceccfa81c,saque,False,dev_b27bd7bef64d75ad,False,BR,BR-09,gps,ip_5e6d1492a736c6ff,legitima_confirmada,False
967c17bc-6092-93c9-71cf-cb8e9ec51ddf,subj_2d0744cf11336024,2025-01-17T04:56:59Z,132.89,BRL,atm,private_label,purchase,6,mer_5d28983ebf2d8c48,saque,False,dev_0e15083b1a03d3c7,False,BR,BR-18,gps,ip_7c39d7caa7b84e9e,legitima_confirmada,False
0886d80d-c36e-b1cd-3c1c-5aecc781bd1c,subj_c604e63f36596de7,2025-01-17T05:08:38Z,90.14,BRL,pos,private_label,subscription,3,mer_aa0979f4bc9194f1,varejo,True,dev_75c84ec3af7d884c,False,BR,BR-02,ip,ip_2cceed623c3dc55e,legitima_confirmada,False
bba1399c-c19f-57de-9288-6fa590e4f5e1,subj_f56331ffba59c96b,2025-01-17T05:32:39Z,54.7,BRL,ecommerce,credit,subscription,2,mer_9905b110e0af88f4,digital,True,dev_8b107db6c08a0d3f,True,BR,BR-18,gps,ip_8debf3230f5c452e,legitima_confirmada,False
b4340145-1308-f8bb-8fdd-d2a1b59d7313,subj_e52fb0a6ade4d8cd,2025-01-17T06:26:25Z,375.22,BRL,pos,credit,purchase,1,mer_59c94da68817279b,varejo,True,dev_e675289b66fbd861,True,PY,INTL,cell,ip_4e29657282fbe53d,fraude_confirmada,True
ef24af3a-1570-b9fb-2c90-ea8291eb802e,subj_9c485f45e43b0130,2025-01-17T07:32:52Z,59.52,BRL,atm,private_label,bill_payment,3,mer_39fb7c3d7a41b7e5,servicos,False,dev_6ae8e76dcd124901,False,BR,BR-00,ip,ip_83867e6cbe33dc3b,legitima_confirmada,False
b67648f1-c597-287f-7f01-1a7ba67e479e,subj_f4f4b2fa3676e278,2025-01-17T07:45:02Z,106.36,BRL,ecommerce,credit,bill_payment,1,mer_045fecd13f0812fd,servicos,True,dev_ac524d652a05e7d4,True,BR,BR-23,cell,ip_955fb0f657db7e0a,legitima_confirmada,False
2ef2b84e-8bb4-3e2b-d3b4-b8bcfb8f96b2,subj_f196a248060af427,2025-01-17T08:17:41Z,57.81,BRL,recurring,credit,purchase,2,mer_d8df58dd3404e515,varejo,True,dev_ee23b38b77ed64e6,True,BR,BR-08,ip,ip_6e1c3bcff2b52f9f,legitima_confirmada,False
75592f6e-2d86-4c69-dd45-a5df2259010e,subj_374b95bdb25a3af1,2025-01-17T08:35:34Z,85.47,BRL,atm,private_label,purchase,1,mer_96731e5286f06c25,servicos,True,dev_ebeb8e06a3fab11c,True,BR,BR-03,ip,ip_37d8b04db43c9bff,legitima_confirmada,False
ae5801a0-3a32-ba56-9f47-2137a900cf11,subj_1f6d7773bf5b4513,2025-01-17T08:41:30Z,73.99,BRL,pos,credit,withdrawal,2,mer_063e6752e7c06713,viagem,False,dev_543d8a5d85840508,False,BR,BR-19,cell,ip_c85a7c6d99eb0f8a,legitima_confirmada,False
8c8839cf-5228-75e7-7851-09738a0b4e7a,subj_5d0c570a60121e76,2025-01-17T08:52:00Z,106.85,BRL,atm,credit,bill_payment,6,mer_aacb312b447081d3,servicos,False,dev_57710706c8456a68,False,BR,BR-18,gps,ip_ee13fb68e4d60179,legitima_confirmada,False
173ddec3-960b-f1dd-5a83-a87c8eef4280,subj_1aafd0f273af8235,2025-01-17T09:35:11Z,179.39,BRL,pos,credit,purchase,6,mer_52c94a9ebfc68e85,viagem,True,dev_9542b5d224515041,True,BR,BR-26,cell,ip_f3dc6830fe733ec9,legitima_confirmada,False
7506f626-cda9-b13f-7961-0cb81d7b92a4,subj_3207e65a20e7dd88,2025-01-17T10:06:52Z,178.64,BRL,atm,credit,purchase,1,mer_48eaa5ad17adc2a0,varejo,False,dev_3779d795149a3d98,False,BR,BR-07,gps,ip_a441d74c032001b2,legitima_confirmada,False
c04c193e-6d16-8931-f316-2c03f491c149,subj_ac31e435a5621899,2025-01-17T10:09:55Z,465.14,BRL,ecommerce,credit,purchase,6,mer_dbeee85ddd6a2ce2,saque,True,dev_c25023adf4f72cb5,True,BR,BR-23,cell,ip_01a1afa8dbd7a247,legitima_confirmada,False
325d73f8-5290-b59b-fd32-bd1fb692eafe,subj_52308fdceb8bba21,2025-01-17T10:49:20Z,25.97,BRL,pos,private_label,purchase,6,mer_0e806dac61894ff2,servicos,False,dev_9d1bdf5990e409a9,False,BR,BR-16,gps,ip_6f4e59b3b4203d8c,sem_desfecho,False
ed544e22-52f8-25ce-bb3b-c6bdde05793b,subj_c7e13d1eb0a3c4e1,2025-01-17T10:55:01Z,114.04,BRL,ecommerce,credit,subscription,6,mer_91c70c66454a8492,digital,False,dev_40c13bcde99d816c,False,BR,BR-24,gps,ip_0cc4781ed26c602c,sem_desfecho,False
ec21302a-cbd7-8a1a-cb16-6c76545ec49a,subj_3fef7009c809015c,2025-01-17T10:57:45Z,382.93,BRL,wallet,credit,purchase,2,mer_37f95d4c19d0000e,servicos,True,dev_9d121e3879e082cc,False,BR,BR-16,cell,ip_e60d05443a564320,legitima_confirmada,False
69f2b56d-01c4-7ae2-20ff-27f7805dc2ed,subj_ed813da38bf84010,2025-01-17T11:43:54Z,154.65,BRL,ecommerce,credit,purchase,1,mer_67a850d6d4110bce,viagem,True,dev_69435803e3c1c9ee,True,BR,BR-01,ip,ip_6d6f54d00cf6466d,legitima_confirmada,False
210d0790-0647-3dd1-0d04-bfa2b6260592,subj_b416fa89632b3464,2025-01-17T12:01:06Z,204.5,BRL,pos,private_label,purchase,3,mer_e6a71a1608a8d20a,viagem,False,dev_bc5b89420b51623f,False,BR,BR-25,cell,ip_36effd7fbac5b8b3,legitima_confirmada,False
f4243e1b-88e3-fe05-e369-2ffc7ff898d2,subj_487cf4bdd749018b,2025-01-17T12:18:56Z,106.88,BRL,wallet,credit,bill_payment,1,mer_e884a6e1eea7ed09,aposta,False,dev_34fa7818fc635ac8,False,BR,BR-14,gps,ip_9b19041be776b1cd,sem_desfecho,False
7ab6a241-2122-f616-1508-f46c02a6b2ab,subj_adef245428025dd5,2025-01-17T12:55:31Z,205.17,BRL,wallet,credit,purchase,1,mer_6ff53334774507e1,varejo,False,dev_cf081e7b9aa71dc6,False,BR,BR-17,cell,ip_c4498aa40a9f13d5,legitima_confirmada,False
8fd6e7c8-eb57-5234-34a6-d439c2bfc497,subj_cd76ba71c852f4d1,2025-01-17T13:34:22Z,92.85,BRL,ecommerce,credit,purchase,1,mer_3b9443a3664d4452,varejo,False,dev_4a55cfa8a5d72e50,False,BR,BR-09,cell,ip_6dcaab9dfa9b2e1f,legitima_confirmada,False
bb69ad26-41ee-3aa3-f388-57ee9ece3953,subj_dacfaaf29c584af0,2025-01-17T14:15:03Z,52.63,BRL,wallet,private_label,purchase,1,mer_516cb99b17f09bc5,servicos,True,dev_d80804ea433f59a2,False,BR,BR-12,gps,ip_7241926f1ecbb38b,legitima_confirmada,False
861118b1-2b89-0d75-6356-fdbb835785bb,subj_a5bed7f461b58b0a,2025-01-17T14:29:56Z,748.56,BRL,ecommerce,private_label,purchase,3,mer_4a8c0d872b691563,digital,True,dev_3bcdcd5422d93fd7,True,BR,BR-05,gps,ip_90c007af74d8f08f,legitima_confirmada,False
609b7725-80c4-1e3f-890a-519d645fe586,subj_7905968d82e3f725,2025-01-17T14:30:10Z,164.14,BRL,pos,credit,withdrawal,1,mer_c25784d93fb92486,servicos,True,dev_7f1605880fb82704,True,BR,BR-20,ip,ip_8b34cb29f9443b0a,legitima_confirmada,False
a6f00057-4ef7-7523-4732-927791979366,subj_936cfb14f682d08f,2025-01-17T15:28:30Z,127.73,BRL,pos,private_label,purchase,1,mer_74a07bf2a5fb96c6,saque,True,dev_2113d45ba6a4de5a,True,BR,BR-02,gps,ip_c67cad0747d57084,legitima_confirmada,False
fa449a95-d4b6-1a12-0e33-44ef19bfb0fd,subj_3d0bf58d9d7683bc,2025-01-17T16:39:25Z,408.11,BRL,pos,credit,purchase,1,mer_88e507a21dda86de,saque,True,dev_fd7efd651ffcf20b,True,BR,BR-18,gps,ip_15421f0e62cde0b3,legitima_confirmada,False
64afcc8e-0629-6861-53dc-03dea67c386f,subj_389540807a955394,2025-01-17T17:02:32Z,87.7,BRL,ecommerce,credit,purchase,3,mer_fbb2cd630420138d,digital,True,dev_8865bcef53c7ccfa,True,BR,BR-03,gps,ip_3b843e28754c314e,legitima_confirmada,False
39913813-21a8-3af2-af6f-db09006ae4c7,subj_1f6d7773bf5b4513,2025-01-17T17:45:03Z,64.1,BRL,pos,credit,purchase,3,mer_f9790fb83c6f4886,saque,False,dev_543d8a5d85840508,False,BR,BR-19,cell,ip_985c9511e64dc502,sem_desfecho,False
1468812a-9430-6e97-7e08-b681bc702895,subj_2f1b9e02e438ea23,2025-01-17T19:15:49Z,44.24,BRL,ecommerce,credit,bill_payment,2,mer_483d2e7693854029,viagem,False,dev_0a9f455f8b6b77ee,False,BR,BR-01,gps,ip_5af7e88679aee141,legitima_confirmada,False
3e25224a-e2a7-97f1-2ff8-fa912cec0193,subj_f752c3c260d5b3da,2025-01-17T19:27:52Z,201.45,BRL,pos,credit,purchase,1,mer_e3f8088016388902,servicos,True,dev_d9b20a0cd49bfca2,True,BR,BR-18,cell,ip_f440f69b1821ddb7,legitima_confirmada,False
76cb5096-4f91-5c00-8187-be4ecca810a3,subj_a343ba08e51b0163,2025-01-17T19:41:00Z,13.78,BRL,ecommerce,private_label,purchase,1,mer_5955a8285c47484e,varejo,False,dev_d70ec915b42c0597,False,BR,BR-01,ip,ip_fe1c5f0efffdedbb,legitima_confirmada,False
61d6eeee-e078-650c-f10d-60a5b9cc5af9,subj_487cf4bdd749018b,2025-01-17T19:59:31Z,112.91,BRL,recurring,credit,withdrawal,3,mer_f00bebc8c693f006,varejo,False,dev_34fa7818fc635ac8,False,BR,BR-14,cell,ip_7f36e559b21f8e15,legitima_confirmada,False
07a31915-c83b-2d48-8b04-65573c555163,subj_e3fc089a6ed7cd76,2025-01-17T20:18:25Z,466.35,BRL,pos,credit,purchase,12,mer_967f35bdca3ba85b,viagem,True,dev_c6b6a05662810a5e,True,BR,BR-03,gps,ip_bf46872f7bce7765,fraude_confirmada,True
98c48a07-a355-4609-df2a-5c1cc1066829,subj_c900630a8a2512fb,2025-01-17T20:21:13Z,240.64,BRL,atm,credit,purchase,1,mer_78ace4fa7289c6c3,viagem,False,dev_2a69bc977b86b158,False,BR,BR-10,cell,ip_50db1d0333ad8edd,legitima_confirmada,False
69627730-5db8-37fc-ec29-d6732df9d4d0,subj_1a320aef95446a20,2025-01-17T21:12:53Z,74.88,BRL,ecommerce,private_label,purchase,1,mer_6580c09da3bf0f5d,viagem,True,dev_aebbfb9bef16bb23,True,BR,BR-13,cell,ip_8d6fa9e05258a56e,legitima_confirmada,False
f3628d4c-974d-e30e-0a07-b6f4b9a27217,subj_37993a5000e3f9fa,2025-01-17T21:28:25Z,57.7,BRL,pos,credit,subscription,2,mer_c6cf1445bddcc74a,varejo,True,dev_ffc366d31c461aa6,True,BR,BR-01,none,ip_0e073497e045f9f2,sem_desfecho,False
ffc8fd2f-79b3-8cb5-5ce2-cde34dc2b4da,subj_60f830595fc1c198,2025-01-17T21:47:20Z,134.55,BRL,pos,credit,purchase,1,mer_b29af7347d8aefba,varejo,False,dev_a55e64dbce28b8f3,False,BR,BR-03,gps,ip_39d78a19720d4153,legitima_confirmada,False
b9f66f05-89e9-ac77-35ea-c69c48085ee9,subj_f67d79b6ca67bbcb,2025-01-17T22:28:27Z,148.57,BRL,recurring,credit,purchase,1,mer_e70e764069b21a2c,varejo,True,dev_0ba5933b65429d66,True,BR,BR-09,gps,ip_b453b5970aca195b,legitima_confirmada,False
af700e5b-5b8c-1971-cd07-b7979fe322b6,subj_abc117a64e992f56,2025-01-17T22:31:38Z,74.8,BRL,ecommerce,credit,bill_payment,1,mer_22a9bea5a5b9feb6,aposta,False,dev_0beaad4d86616c3d,False,BR,BR-17,cell,ip_6449e1786d0a31f9,legitima_confirmada,False
5ba8f923-8201-a2f8-d6b2-f38dfcef36aa,subj_dba249d5d1bdfd25,2025-01-17T23:19:18Z,63.16,BRL,atm,credit,purchase,2,mer_5e60f1c01aed2fa2,varejo,True,dev_faab2e48253f2330,True,BR,BR-20,gps,ip_9b53eaca03f69b73,legitima_confirmada,False
8fd820bb-8289-fa41-ce60-60fe512125ee,subj_37b463fb2090be94,2025-01-17T23:26:39Z,177.94,BRL,ecommerce,credit,subscription,1,mer_56287542adffca05,servicos,False,dev_63315a734fbc45bf,False,BR,BR-07,gps,ip_de93cbb146c55033,sem_desfecho,False
8ceb779b-f9d8-3e2d-6af1-8188a137e6d3,subj_73d457a71c88945e,2025-01-17T23:48:03Z,49.73,BRL,recurring,credit,bill_payment,1,mer_a06eefb4135e6cc2,servicos,True,dev_cac15c0728328bb2,True,BR,BR-20,ip,ip_453f6749e3649f8f,legitima_confirmada,False
6ac7bc76-9c24-d69d-4e3d-fc1ff57c19e0,subj_566c9553eab02be2,2025-01-18T01:04:42Z,123.94,BRL,ecommerce,credit,purchase,2,mer_92e3ac5bdcb29591,saque,True,dev_f0a6ec50de66d49c,True,BR,BR-06,cell,ip_31273d7ffa55ccb6,legitima_confirmada,False
36409ecc-a216-1388-27f8-7fa69050ae8f,subj_555ab5d6c0af9e30,2025-01-18T01:23:58Z,34.26,BRL,pos,credit,subscription,1,mer_291834cf11e94a45,varejo,True,dev_655f61e3248782bc,False,BR,BR-16,cell,ip_1625f33456112521,sem_desfecho,False
38479574-5370-f458-71f8-e9359433f629,subj_3531d4fe9ea6c5bd,2025-01-18T01:56:28Z,64.72,BRL,atm,credit,purchase,1,mer_1780aee678761967,digital,True,dev_0d3e029d2e319e38,True,BR,BR-24,gps,ip_db2390442e664312,legitima_confirmada,False
00398ff3-b047-0167-b1e4-f50394a6de69,subj_f55603ae5b434173,2025-01-18T02:08:22Z,244.19,BRL,ecommerce,credit,purchase,2,mer_b3b7376929cb7c64,varejo,True,dev_50096b673aae2a2c,False,BR,BR-16,ip,ip_c5b6bb69ac806cfb,legitima_confirmada,False
7e66961e-22a8-72c0-462f-d101d75f88b1,subj_fbb1eedf9b242199,2025-01-18T02:14:05Z,42.71,BRL,ecommerce,credit,bill_payment,1,mer_98b5f671e795ac86,varejo,False,dev_fa1af6fd14c53593,False,BR,BR-02,gps,ip_8cbc2e23e4f6d4b3,legitima_confirmada,False
101564c7-0115-066c-b17b-3a2b339806da,subj_68187a13c20a13be,2025-01-18T03:12:11Z,121.62,BRL,pos,credit,purchase,10,mer_373ae75390fc30d6,servicos,False,dev_cac8e422fb04d0b8,False,BR,BR-01,none,ip_13321ce9335b09b4,legitima_confirmada,False
046d9109-d313-16cd-ad50-a326541c932b,subj_b78d3427d3c48eef,2025-01-18T04:14:52Z,177.57,BRL,recurring,private_label,purchase,1,mer_5a116cee7093bc81,aposta,True,dev_239085cc2f268645,True,BR,BR-00,gps,ip_6e87b52f78fa0aa7,fraude_confirmada,True
f6ed1307-5452-8888-291d-534cb9d2a516,subj_8e891ef000bc688c,2025-01-18T04:37:36Z,971.2,BRL,pos,credit,withdrawal,1,mer_a3efd83080013ced,saque,True,dev_42b52caaa7043885,True,BR,BR-08,cell,ip_ff9cfd93b74aea81,fraude_confirmada,True
0c79cb02-e3a1-d9bb-bbc1-d83310b1ed99,subj_30d709aad9a54d8b,2025-01-18T04:47:04Z,114.49,BRL,ecommerce,credit,purchase,1,mer_d9470d43c1afc78c,saque,True,dev_50c073b18f81b63f,True,BR,BR-21,cell,ip_c3c03b8e9160dac9,legitima_confirmada,False
151e1d95-650a-4404-d09e-06523d1f2762,subj_393235d3b59e5041,2025-01-18T04:47:26Z,72.89,BRL,ecommerce,credit,purchase,1,mer_5ce4f757cd366a69,saque,True,dev_eb60923d7c46bec3,False,BR,BR-01,gps,ip_7be5835950271ed7,legitima_confirmada,False
660011ac-2f82-4ce1-e844-1bb602812bf9,subj_31566639f62dbd42,2025-01-18T04:54:02Z,88.46,BRL,ecommerce,private_label,purchase,1,mer_b5c79319c30640c8,varejo,False,dev_d325aab3578a803a,False,BR,BR-17,gps,ip_ee3f097eddea556b,legitima_confirmada,False
5197995e-b1aa-bfb2-60c1-9b27b032f9ab,subj_a7c978b976974f0d,2025-01-18T04:59:13Z,280.12,BRL,ecommerce,credit,bill_payment,1,mer_7e370aa8e24e904e,viagem,True,dev_d5a80c8d3aa6c4a9,True,US,INTL,ip,ip_99d1ab89c9c7cfbe,fraude_confirmada,True
ee1f3c42-6fb5-d5bf-13af-448c9025ca1e,subj_f94de0f9726a3146,2025-01-18T06:27:48Z,277.72,BRL,pos,credit,bill_payment,2,mer_48772e173b9046f6,servicos,True,dev_025812e4c2a25753,False,BR,BR-15,gps,ip_1fd65f5d5839c87c,legitima_confirmada,False
ce6a5e1e-94c7-b133-f439-028220ffabda,subj_dbf73e9d123f81db,2025-01-18T06:50:53Z,65.59,BRL,ecommerce,credit,purchase,1,mer_5310114133c4daa2,digital,True,dev_ce192e76d813a899,True,BR,BR-06,gps,ip_5c65806982da656f,legitima_confirmada,False
ef09a724-24a6-d240-908a-4b947e06c6de,subj_9a52af0ed3fcca1b,2025-01-18T07:45:36Z,157.22,BRL,ecommerce,private_label,withdrawal,6,mer_65cf99b3893e7b7d,varejo,True,dev_08486d7ddb3baf79,True,BR,BR-08,gps,ip_aa1644accf620328,legitima_confirmada,False
92e82ca9-a925-21c6-8881-72e7acb52872,subj_a0f5f7cf02ceed48,2025-01-18T07:50:01Z,142.34,BRL,wallet,credit,subscription,1,mer_abdd4be68d882a60,varejo,True,dev_bec24097826bd7da,True,BR,BR-07,ip,ip_061a9f3a545d92d5,legitima_confirmada,False
3ac796a0-a082-0a33-a3af-af3fb3a9a0ea,subj_c15045612d0c4167,2025-01-18T07:57:07Z,93.59,BRL,pos,private_label,bill_payment,1,mer_e927507dba583b07,viagem,True,dev_bfc772e334281861,True,BR,BR-00,cell,ip_858bb092ef26ceac,legitima_confirmada,False
71d5fbd3-8696-7d4b-ea02-48f90b8b45e6,subj_ac854e2c868f0884,2025-01-18T08:05:56Z,459.86,BRL,ecommerce,credit,purchase,1,mer_b1f544c5f3e255f1,varejo,True,dev_1a1a09473f30a788,False,BR,BR-04,gps,ip_9f1f423110a70c01,sem_desfecho,False
9076cefd-4f34-af94-1a8b-75696f76c028,subj_7f9b1288db1a1232,2025-01-18T08:57:09Z,149.86,BRL,ecommerce,credit,subscription,6,mer_914b74b68f68ad45,servicos,False,dev_679c503bea0bd75b,False,BR,BR-18,gps,ip_1946e4f7ad877630,legitima_confirmada,False
613922b9-0b4d-c0f0-15eb-94bc6d933ddf,subj_b4a07c1f3db4091a,2025-01-18T09:18:36Z,12.21,BRL,ecommerce,private_label,purchase,1,mer_851b68cb3227c424,varejo,True,dev_eb2fdd345bc8dbd7,True,BR,BR-01,gps,ip_87b7ac927ae0c4d2,legitima_confirmada,False
4685593d-a6f1-2249-f05d-e0a9b71b9295,subj_eca82a98610c30b1,2025-01-18T09:22:09Z,145.63,BRL,pos,private_label,subscription,2,mer_d7db5383847247ed,servicos,False,dev_cd47a8fd8a05a050,False,BR,BR-22,cell,ip_77ec0f89f1f76ecf,legitima_confirmada,False
f70abe59-8b87-ad1f-9d1e-de4ef225b22b,subj_b45213b400fe7e50,2025-01-18T09:34:59Z,103.02,BRL,recurring,credit,bill_payment,2,mer_229c202ab14fd7dc,servicos,True,dev_82b5f610c07260d5,True,US,INTL,gps,ip_450bc6c24ee263aa,legitima_confirmada,False
72d4903a-f770-52ec-a696-b57a971744a8,subj_fd20b2d6d254bdb6,2025-01-18T09:50:19Z,56.21,BRL,ecommerce,credit,purchase,6,mer_7f7627c6c16295ae,varejo,True,dev_1ad459bfedba57dc,True,BR,BR-06,ip,ip_e438f4b34c1e8f50,legitima_confirmada,False
aa915564-59b7-177a-158e-e7bc3419a7a0,subj_1c950ce1bf4296f6,2025-01-18T10:13:34Z,32.7,BRL,ecommerce,credit,purchase,6,mer_4dc9016c883c3b2a,servicos,False,dev_13162f54470ec526,False,BR,BR-23,gps,ip_0d0a069fe4c7d836,legitima_confirmada,False
7375e92a-d60d-2a94-75a1-a0b811024d7d,subj_33bab19ee612d62b,2025-01-18T10:44:47Z,137.54,BRL,pos,credit,purchase,6,mer_7b7e55c041de84e0,servicos,False,dev_839313a64487b3f6,False,BR,BR-17,ip,ip_8a853cf5e71184ca,legitima_confirmada,False
4721f487-9be6-8410-5717-84b94a8ffbaf,subj_7a30f84898409d61,2025-01-18T11:32:05Z,61.41,BRL,atm,credit,purchase,1,mer_9f31a02c0d50e458,servicos,True,dev_3dd3e1de42221999,False,BR,BR-15,gps,ip_494736a7fb70527d,legitima_confirmada,False
e5cbc513-f024-5645-0fd1-790149c056e4,subj_686bf71c4c9c11e1,2025-01-18T11:46:36Z,266.93,BRL,pos,private_label,bill_payment,1,mer_cc6262aaccd9d8e0,servicos,True,dev_a1c5b7d35c39233b,True,BR,BR-13,gps,ip_f380f37c3386baa7,legitima_confirmada,False
9a046d39-c8d4-78d5-9f4d-d880b5d2a7b7,subj_d91d6c13b116b68f,2025-01-18T11:53:41Z,187.11,BRL,pos,private_label,purchase,1,mer_ab0adeb175fdc834,varejo,False,dev_4aebf5fa10c55751,False,BR,BR-14,none,ip_64afaacb57c77f83,legitima_confirmada,False
f5bda715-0073-14be-7974-be2fa4ce1f74,subj_9abea72f8114c72b,2025-01-18T14:01:33Z,19.24,BRL,ecommerce,private_label,purchase,1,mer_ade55267a2f3064c,servicos,False,dev_999d6a8ff727cab4,False,BR,BR-26,none,ip_ddcb8a8aaadbe1e7,legitima_confirmada,False
aeacf5d7-2305-f8d8-314f-9c84477457fa,subj_41f164352e94307d,2025-01-18T14:27:50Z,387.86,BRL,ecommerce,credit,purchase,1,mer_16e4fb035fc04ec8,servicos,True,dev_955cd96c13b84724,True,BR,BR-17,gps,ip_3bdb540c81e5cf28,legitima_confirmada,False
923e1356-c504-d4d6-15a6-f89b90d48d0c,subj_d794c6e181925a84,2025-01-18T14:37:42Z,105.56,BRL,ecommerce,credit,purchase,6,mer_bd51b4ac00deba3c,varejo,True,dev_2e2c1da74e199dcd,True,BR,BR-17,cell,ip_b61acdb1de55276c,sem_desfecho,False
a878e822-7ad7-e824-3ff2-f97bbb76fc9e,subj_4b855c7c71534343,2025-01-18T15:10:58Z,201.62,BRL,recurring,private_label,purchase,6,mer_923c9cd4b4b799fa,viagem,True,dev_6cf682375b0d26ae,True,BR,BR-25,gps,ip_a58f9734010076ac,legitima_confirmada,False
f27f41dd-87d6-e145-1d54-45d6c77828bd,subj_4afde3be46c7d1ec,2025-01-18T15:17:42Z,113.52,BRL,wallet,private_label,purchase,3,mer_e2a88c4a98ab40d0,servicos,True,dev_1c53a55abec8ae0e,False,BR,BR-09,gps,ip_d8307e3a1f7da9d4,legitima_confirmada,False
f2778f7e-8368-5533-90f6-98f08a73f5b5,subj_108fbfb0aa2ecaa1,2025-01-18T15:38:14Z,211.22,BRL,ecommerce,credit,subscription,6,mer_169d42580a5f7eb5,varejo,True,dev_8121fd38fea5b7dd,True,BR,BR-01,gps,ip_6d43225e46602737,legitima_confirmada,False
beb3cd97-369e-3a38-75eb-7c9bd647cb02,subj_c48b04ed58de639f,2025-01-18T15:46:48Z,88.84,BRL,pos,credit,purchase,1,mer_bb2e05745d713bcd,digital,True,dev_dca54321270780b3,True,BR,BR-05,ip,ip_90d55642ef289802,legitima_confirmada,False
0465d04a-0d16-d1a4-688e-8385d5661184,subj_066036d4266b7a65,2025-01-18T16:05:07Z,214.41,BRL,wallet,credit,purchase,1,mer_9b7312a0c79a1c88,servicos,False,dev_8efac6c89ef799c8,False,BR,BR-15,cell,ip_7a47ca07a046b851,legitima_confirmada,False
5dffd733-54eb-0fc6-9225-b8f0b5b20dab,subj_593d93fa309b3e45,2025-01-18T16:07:47Z,45.1,BRL,wallet,credit,purchase,3,mer_200542722f0936d8,viagem,False,dev_8f227dcfe69c7618,False,BR,BR-17,ip,ip_3526429b36101554,legitima_confirmada,False
b9be4a80-0afa-e9a6-b9dd-f4554e2ba35b,subj_acb7e6181646e5b4,2025-01-18T16:15:38Z,103.95,BRL,atm,private_label,purchase,1,mer_ca97908a04561d7f,servicos,True,dev_f28be041c54679ae,False,BR,BR-24,cell,ip_ca8c61ea0a27978f,legitima_confirmada,False
dfbdbbc6-9d28-b2de-627f-e6b2775b170e,subj_d3b2c4eef0720487,2025-01-18T17:08:40Z,32.48,BRL,pos,credit,bill_payment,1,mer_f625af38bf736da4,servicos,True,dev_22fd5683f41c2512,True,BR,BR-21,ip,ip_f5fe04324ff5fb67,legitima_confirmada,False
60b86726-0907-a09f-409b-e50b84b953b3,subj_bce7a1a4760cdb36,2025-01-18T17:08:54Z,83.51,BRL,wallet,credit,subscription,6,mer_5f0bad61c4d5c590,varejo,False,dev_5911295bd6ebc770,False,BR,BR-26,cell,ip_dd91c41d1a4aa957,legitima_confirmada,False
40bba2fd-440e-6283-a7fe-8b7e984cce37,subj_08269fc4d9f31df5,2025-01-18T18:10:41Z,26.39,BRL,pos,credit,purchase,1,mer_c4b2e3f1b3bda2f6,varejo,False,dev_d49d4daec5a1e806,False,BR,BR-15,ip,ip_a350436b3a15b059,legitima_confirmada,False
35c3b4e3-5f4b-9497-eeb1-165c3e0d7caa,subj_de7762102f4c99ac,2025-01-18T18:27:38Z,144.24,BRL,atm,private_label,subscription,1,mer_eb9af6d28a5c316c,digital,True,dev_4202078ee5f8422d,True,BR,BR-18,gps,ip_705ef2c7a1d6c475,legitima_confirmada,False
ffdc7484-4600-4063-4065-9ad47052f301,subj_baf68bf37c2efb1a,2025-01-18T19:38:19Z,81.93,BRL,pos,credit,bill_payment,6,mer_dd04eaf0eeff470f,viagem,True,dev_eb139a0c23135928,True,BR,BR-09,cell,ip_e4a4752a479fd6d7,legitima_confirmada,False
b0d3b109-f0f7-7e09-1aad-4c0a704d619f,subj_c85745833c0a0cf2,2025-01-18T19:51:00Z,63.0,BRL,wallet,private_label,withdrawal,1,mer_c0fad77d8d9256eb,varejo,True,dev_d31b1dcb2a20cd04,True,BR,BR-07,ip,ip_afe35338f179a236,legitima_confirmada,False
898bd239-b3c9-422b-e14e-00cfae05d036,subj_c11adfc0ce8f46e5,2025-01-18T20:14:32Z,336.45,BRL,ecommerce,private_label,withdrawal,18,mer_d6f931a0d16e7c0d,digital,True,dev_4c70013a61a5e08f,True,BR,BR-17,gps,ip_7437ff33537208aa,fraude_confirmada,True
06cbe4b1-a95b-3591-219b-cf4f095c6d8d,subj_3153aa09a67b62e9,2025-01-18T21:23:14Z,73.59,BRL,recurring,credit,purchase,3,mer_3b3a4309241bdec0,varejo,True,dev_5b270fe27f9bbff3,False,BR,BR-25,ip,ip_555058d01a10f8d4,legitima_confirmada,False
b284aaf2-aa00-0490-07d2-4c456bd62382,subj_dd82a0f404e3a43e,2025-01-18T21:35:56Z,228.64,BRL,recurring,private_label,subscription,2,mer_40c2ced38e23f9fd,varejo,True,dev_43071703bd1b9e8e,False,BR,BR-01,gps,ip_b9e74198ea0b348c,legitima_confirmada,False
c9dc7808-4c5b-da0d-31fa-5b501a00a35d,subj_681ea8a1f04e4907,2025-01-18T22:20:55Z,142.72,BRL,recurring,credit,purchase,2,mer_da7b6959767e1d85,saque,True,dev_c6a9762b84afea2d,True,BR,BR-13,gps,ip_a1fb8c51b1e9ea0a,legitima_confirmada,False
77154350-3400-1ea2-81f5-f8d483ef3f4a,subj_de0903f20e8c0001,2025-01-18T23:03:29Z,142.18,BRL,recurring,private_label,withdrawal,1,mer_3ba5ff087f9abe4f,varejo,False,dev_2b4abce5084e5da5,False,BR,BR-06,cell,ip_c5090f18765cb438,legitima_confirmada,False
9e49f9cc-953a-34e5-2370-cec001ef95b3,subj_8a3fb4d3443eba55,2025-01-18T23:17:57Z,96.33,BRL,recurring,credit,purchase,1,mer_7a4fa76d4400f6a1,saque,True,dev_a5cf8ea0f9566780,True,BR,BR-09,gps,ip_5da0f5d1c64dd3ce,fraude_confirmada,True
cd6567b1-2457-cc99-a458-abd2784a1bc8,subj_93a9f6c40363cbac,2025-01-18T23:30:24Z,1108.64,BRL,ecommerce,credit,withdrawal,1,mer_2a633b0ba08ee120,saque,True,dev_45631111fc3cf694,True,BR,BR-17,cell,ip_23756722f23404f3,fraude_confirmada,True
36e43ed5-f365-7898-13bb-ae053654ea30,subj_9539ef99ec90208a,2025-01-18T23:55:27Z,128.57,BRL,recurring,credit,purchase,1,mer_3a0c6915f8246639,varejo,True,dev_922e2465ae5e298e,True,BR,BR-26,cell,ip_9abaeee61d600885,legitima_confirmada,False
7e51e466-5218-df1f-8598-737180826cfa,subj_5f1a0c527ccd5802,2025-01-19T00:14:27Z,86.23,BRL,pos,credit,purchase,2,mer_179fd48001b178a7,varejo,True,dev_394b3a35f872125e,True,BR,BR-20,ip,ip_2ca49d40c28b355e,legitima_confirmada,False
e9a6942b-64eb-60ba-38d9-9310f45d29a4,subj_a512dd51b32ddffc,2025-01-19T00:15:10Z,46.93,BRL,atm,private_label,purchase,1,mer_034ab5a51f6d27d3,varejo,True,dev_03e5421f5d9eb3e8,False,BR,BR-06,gps,ip_e45e85e0d777c97c,legitima_confirmada,False
e4b16237-6223-babd-9bf2-e19128132e0b,subj_3153aa09a67b62e9,2025-01-19T00:22:06Z,185.88,BRL,ecommerce,credit,purchase,10,mer_3e3f95a422526a72,aposta,False,dev_5b270fe27f9bbff3,False,BR,BR-25,gps,ip_f29f2ba733b1a481,legitima_confirmada,False
85d0cc91-d25d-aa0d-514b-df7bccbe784c,subj_710d5d9f0aa237a6,2025-01-19T00:47:45Z,118.19,BRL,ecommerce,credit,purchase,1,mer_4b7a0709dca65592,servicos,False,dev_b59e227fea4e425e,False,BR,BR-02,gps,ip_ac9ec8e5853fd29a,legitima_confirmada,False
6477e99e-591f-6b8e-2e5f-cb411f436a43,subj_03fb1620711f50e5,2025-01-19T00:48:47Z,82.14,BRL,ecommerce,credit,purchase,1,mer_eff4a1236875c25f,digital,False,dev_057b7ac7b0e96339,False,BR,BR-19,cell,ip_98d73bbe7b6c7623,legitima_confirmada,False
fcf80bdc-63f6-b48f-9971-bc2119348204,subj_8b33628e3448e9f0,2025-01-19T00:57:48Z,300.21,BRL,ecommerce,credit,bill_payment,3,mer_05e38da4e03036f8,varejo,True,dev_82f24126f38302e9,True,BR,BR-04,cell,ip_5e535aebd20048cf,legitima_confirmada,False
c0a96ec7-3016-7380-4304-5e7ea46122a2,subj_54e5aa1f13771ea2,2025-01-19T02:27:33Z,264.57,BRL,recurring,credit,withdrawal,1,mer_8163b1fd08d25179,digital,True,dev_c8554b9f6be4a8c1,True,BR,BR-02,gps,ip_28dcf35682b0a705,fraude_confirmada,True
5cf5a2a5-da4c-8daf-e147-03ef743a37e4,subj_a617763577feb614,2025-01-19T03:46:38Z,54.78,BRL,ecommerce,private_label,bill_payment,3,mer_e39eafdae9e66959,servicos,True,dev_64739870fa59a25e,True,BR,BR-00,gps,ip_078c7ff8bea06b1d,legitima_confirmada,False
